newid,id,newcode,newcode2,desc,notes,var2000_1,var2000_2,var2001_1,var2001_2,var2002_1,var2002_2,var2003_1,var2003_2,var2004_1,var2004_2,var2005_1,var2005_2,var2006_1,var2006_2 ,var2007_1,var2007_2,var2008_1,var2008_2
1,1,UqNr,uqnr,Unique household identifier,,hhid,hhid,UqNr,UqNr,UqNr,UqNr,UqNr,UqNr,UqNr,uqnr,uqnr,uqnr,UqNr,uqnr,uqnr,uqnr,uqno,
2,2,Province,province,Province,,Prov_Feb2000,Prov_Sep2000,Prov_Feb2001,Prov_Sep2001,Prov_Feb2002,Prov_Sep2002,Prov_Mar2003,Prov_Sep2003,Prov,prov,prov,prov,Prov,prov,prov,prov,province,
3,3,UrbRur,urbrur,Type of area,,UrbRur_Feb2000,UrbRur_Sep2000,Type_Feb2001,Type_Sep2001,Type_Feb2002,Type_Sep2002,areatype,areatype,areatype,,,,,,,,,
4,4,NumHouseholds,numhh,Total number of households at the dwelling unit,,TotHH_Feb2000,,,,,,,,,,,,,,,,,
5,5,NumPersons,numper,Total number of persons in the household,,TotPersn_Feb2000,,, ,,,,,,,,,,,,,,
2003,2003,ceweight,ceweight, Branson's Cross Entropy weight,,cewgt,cewgt,cewgt,cewgt,cewgt,cewgt,cewgt,cewgt,cewgt,cewgt,cewgt,cewgt,cewgt,cewgt,cewgt,cewgt,,
6,6,WhoBringsMoney,hhmoneyper,Person who brings in the most money into the Household,,Q113aMst_Feb2000,Q115aMst_Sep2000,Q115aMs_Feb2001,Q115aMst_Sep2001,,Q115aMst_Sep2002,,,,,,,,,,,,
7,7,MoneyHHOther,hhmoneyperoth,Further clarification/explanation as to who brings in the most money,,Q113bExp_Feb2000,Q115bExp_Sep2000,Q11bExp_Feb2001,Q115bExp_Sep2001,,Q115bExp_Sep2002,,,,,,,,,,,,
8,8,LangIntv,langint,Language the main part of the interview conducted,"02:2 does not include ""88, not applicable""",Q54Ilang_Feb2000,,,,,Q735ILan_Sep2002,,,,,,,,,,,,
9,9,PersonNr,personnr,Person number,,PersonNr,PersonNr,PersonNr,PersonNr,PersonNr,PersonNr,PersonNr,PersonNr,PersonNr,personnr,personnr,personnr,PersonNR,personnr,personnr,personnr,personno,
10,10,HHResident,hhres,Person is a resident or visitor,,B_Reside_Feb2000,,,,,,,,,,,,,,,,,
11,11,StayedinHH,stayedinhh,Stayed at least 4 nights per week on average,,C_TimeSt_Feb2000,B_4Night_Sep2000,B_4Night_Feb2001,B_4Night_Sep2001,B_4Night_Feb2002,B_4Night_Sep2002,B_4Night_Mar2003,B_4Night_Sep2003,B_4Night,b_4night,b_4night,b_4night,B_4Night,b_4night,b_4night,b_4night,q12nights,
12,12,gender,gender,Gender (1=Male 2=Female),,D_Gender_Feb2000,C_Gender_Sep2000,C_Gender_Feb2001,C_Gender_Sep2001,C_Gender_Feb2002,C_Gender_Sep2002,Gender_Mar2003,Gender_Sep2003,C_Gender,gender,gender,gender,Gender,gender,gender,gender,q13gender,
13,13,age,age,Age,,E_Age_Feb2000,D_Age_Sep2000,D_Age_Feb2001,D_Age_Sep2001,D_Age_Feb2002,D_Age_Sep2002,Age_Mar2003,Age_Sep2003,Age,age,age,age,Age,age,age,age,q14age,
14,14,popgroup,popgroup,Population group,,F_Race_Feb2000,E_Race_Sep2000,E_Race_Feb2001,E_Race_Sep2001,E_Race_Feb2002,E_Race_Sep2002,Popgrp_Mar2003,Popgrp_Sep2003,E_race,popgrp,popgrp,popgrp,Popgrp,popgrp,popgrp,popgrp,q15population,
15,15,marstat1,marstat1,Marital status (wave 00:1),,Q11aMari_Feb2000,,,,,,,,,,,,,,,,,
16,95,marstat2,marstat,Marital status (waves 00:2 to 04:1),,,Q11aMari_Sep2000,Q11aMari_Feb2001,Q11aMari_Sep2001,Q11aMari_Feb2002,Q11aMari_Sep2002,Q11aMari_Mar2003,Q11aMari_Sep2003,Q11aMari,,,,,,,,,
17,477,MariStat99,marstat3,Marital Status (waves 04:2 to present),,,,,,,,,,,q11amari,q11amari,q11amari,Q11aMari,q11amari,q11amari,q11amari,q16maritalstatus,
18,,,marstat,Marital Status (consistent coding for all waves),created for consistency of all waves,,,,,,,,,,,,,,,,,,
19,16,SpouseinHH,spouseinhh,Spouse / partner lives in the house,,Q11bSpou_Feb2000,Q11bSpou_Sep2000,Q11bSpou_Feb2001,Q11bSpou_Sep2001,Q11bSpou_Feb2002,Q11bSpou_Sep2002,Q11bSpou_Mar2003,Q11bSpou_Sep2003,Q11bSpou,q11bspou,q11bspou,q11bspou,Q11bSpou,q11bspou,q11bspou,q11bspou,,
20,17,SpouseNum,spousenum,Person number of spouse or partner,,Q11cPrsn_Feb2000,Q11cPsn_Sep2000,Q11cPsnn_Feb2001,Q11cPsnn_Sep2001,Q11cPsnn_Feb2002,Q11cPsnN_Sep2002,Q11cPsnN_Mar2003,Q11cPsnN_Sep2003,Q11cPsnN,q11cpsnn,q11cpsnn,q11cpsnn,Q11cPsnN,q11cpsnn,q11cpsnn,q11cpsnn,,
21,18,language,language,Language spoken most often at home,,Q12HLang_Feb2000,Q12HLang_Sep2000,Q12HLang_Feb2001,Q12HLang_Sep2001,Q12HLang_Feb2002,Q12HLang_Sep2002,Q12HLang_Mar2003,Q12HLang_Sep2003,Q12HLang,q12hlang,q12hlang,q12hlang,Q12HLang,q12hlang,q12hlang,q12hlang,,
22,19,educhigh,educhigh,Highest level of education (waves 00:1 to 04:1),,Q13aHiEd_Feb2000,Q13aHiEd_Sep2000,Q13aHiEd_Feb2001,Q13aHiEd_Sep2001,Q13aHiEd_Feb2002,Q13aHiEd_Sep2002,Q13aHiEd_Mar2003,Q16aHiEd_Sep2003,Q13aHiEd,,,,,,,,,
23,480,EducHigh2,educhigh2,Highest level of education (waves 04:2 to present),,,,,,,,,,,q16ahied,q13ahied,q16ahied,Q13aHiEd,q13ahied,q13ahied,q13ahied,q17education,
24,,,educhigh,Highest level of education (consistent coding for all waves),created for consistency of all waves,,,,,,,,,,,,,,,,,,
25,20,studyarea,studyarea,"Area of study of the highest diploma, certificate or degree",,Q13bStud_Feb2000,Q13bArea_Sep2000,Q13bArea_Feb2001,Q13bArea_Sep2001,Q13bArea_Feb2002,Q13bArea_Sep2002,Q13bArea_Mar2003,Q16bArea_Sep2003,Q13bArea,q16barea,q13barea,q16barea,Q13bArea,q13barea,q13barea,q13barea,,
26,21,training,trained,Has the person been trained in skills that can be used at work,,Q14SklTr_Feb2000,Q14SklTr_Sep2000,Q14SklTr_Feb2001,Q14SklTr_Sep2001,Q14SklTr_Feb2002,Q14SklTr_Sep2002,Q14SklTr_Mar2003,Q17SklTr_Sep2003,Q14SklTr,q17skltr,q14skltr,q17skltr,Q14SklTr,q14skltr,q14skltr,q14skltr,,
27,22,training_length,training_length,Length of time training was last received,,Q15LngTr_Feb2000,Q15LngTr_Sep2000,Q15LngTr_Feb2001,Q15LngTr_Sep2001,Q15LngTr_Feb2002,Q15LngTr_Sep2002,Q15LngTr_Mar2003,Q18LngTrr_Sep2003,Q15LngTrr,q18lngtrr,q15lngtrr,q18lngtrr,Q15LngTrr,q15lngtrr,q15lngtrr,q15lngtrr,,
28,23,training_field,training_field,Field training was last received,,Q16FldTr_Feb2000,Q16FldTr_Sep2000,Q16FldTr_Feb2001,Q16FldTr_Sep2001,Q16FldTr_Feb2002,Q16FldTr_Sep2002,Q16FldTr_Mar2003,Q19FldTr_Sep2003,Q16FldTr,q19fldtr,q16fldtr,q19fldtr,Q16FldTr,q16fldtr,q16fldtr,q16fldtr,,
29,24,read,read,Can read at least one language,,Q17aRead_Feb2000,Q17aRead_Sep2000,Q17aRead_Feb2001,Q17aRead_Sep2001,Q17aRead_Feb2002,Q17aRead_Sep2002,Q17aRead_Mar2003,Q110aRea_Sep2003,Q17aRead,q110area,q17aread,q110aread,Q17aRead,q17aread,q17aread,q17aread,,
30,25,write,write,Can write at least one language,,Q17bWrit_Feb2000,Q17bWrit_Sep2000,Q17bWrit_Feb2001,Q17bWrit_Sep2001,Q17bWrit_Feb2002,Q17bWrit_Sep2002,Q17bWrit_Mar2003,Q110bWri_Sep2003,Q17bWrit,q110bwri,q17bwrit,q110bwrit,Q17bWrit,q17bwrit,q17bwrit,q17bwrit,,
31,26,enrolled,enrolled,Educational Institution currently attending (waves 00:1 to 03:2 & 04:2),excludes 04:1,Q18Attnd_Feb2000,Q18EduIn_Sep2000,Q18EduIn_Feb2001,Q18EduIn_Sep2001,Q18EduIn_Feb2002,Q18EduIn_Sep2002,Q18EduIn_Mar2003,Q111EduI_Sep2003,,q111edui,,,,,,,,
32,473,Attend99,enrolled2,Educational Institution currently attending (waves 04:1 & 05:1 to present),includes 04:1,,,,,,,,,Q18EduInn,,q18eduinn,q111eduinn,Q18EduInn,q18eduinn,q18eduinn,q18eduin,,
33,,,enrolled,Educational Institution currently attending (consistent coding for all waves),created for consistency of all waves,,,,,,,,,,,,,,,,,,
34,27,FullPart,fullpart,Part time or full time study,,Q19FulPt_Feb2000,Q19FulPa_Sep2000,Q19FulPa_Feb2001,Q19FulPa_Sep2001,Q19FulPa_Feb2002,Q19FullP_Sep2002,Q19FullP_Mar2003,Q112Full_Sep2003,Q19Fullp,q112full,q19fullp,q112fullp,Q19Fullp,q19fullp,q19fullp,q19fullp,,
35,28,DistLearn,distlearn,Distance learning or attending classes,,Q110DLrn_Feb2000,Q110DLrn_Sep2000,Q110Clas_Feb2001,Q110dLrn_Sep2001,Q110dLrn_Feb2002,Q110DLrn_Sep2002,Q110DLrn_Mar2003,Q113DLrn_Sep2003,Q110DLrn,q113dlrn,q110dlrn,q113dlrn,Q110DLrn,q110dlrn,q110dlrn,q110dlrn,,
36,29,FetchWtr,fetchwater,Has fetched any water in last 7 days,,Q111FetW_Feb2000,Q111FetW_Sep2000,Q111FetW_Feb2001,Q111FetW_Sep2001,Q111FetW_Feb2002,Q111FetW_Sep2002,Q111FetW_Mar2003,Q114FetW_Sep2003,Q111FetW,q114fetw,q111fetw,q114fetw,Q111FetW,q111fetw,q111fetw,q111fetw,,
37,30,FetchWood,fetchwood,Has fetched any wood or dung in last 7 days,,Q112FetD_Feb2000,Q113FetD_Sep2000,Q113FetD_Feb2001,Q113FetD_Sep2001,Q113FetD_Feb2002,Q113FetD_Sep2002,Q113FetD_Mar2003,Q116FetD_Sep2003,Q113FetD,q116fetd,q113fetd,q116fetd,Q113FetD,q113fetd,q113fetd,q113fetd,,
38,31,Stratum,stratum,Combination of Province and UrbRur,,Stratum_Feb2000,Stratum_Sep2000,Stratum,Stratum,Stratum_Feb2002,Stratum_Sep2002,Stratum_Mar2003,Stratum_Sep2003,Stratum,,,,,,,,,
39,32,Weight,weight,Person weight,,Wgt_Feb2000,PWgt_Sep2000,NewWgt2_Feb2001,Pondfin_imp_trim_Sep2001,Perswgt,person_wgt_Sep2002,Personwgt_Mar2003,Pers_Wgt_Sep2003,Pers_wgt,person_wgt,person_wgt,pers_wgt,person_wgt,person_wgt,person_wgt,person_wgt,,
40,33,DwellTypeMain,dwelltype,Type of main dwelling,,,Q71MainD_Sep2000,,Q61mainD_Sep2001,,Q71mainD_Sep2002,,Q71MainD_Sep2003,Q61MainD,q71maind,q71maind,,,,,,,
41,34,DwellTypeOther,dwelltypeoth,Type of other dwelling,,,Q71OthrD_Sep2000,,Q61OthrD_Sep2001,,Q71OthrD_Sep2002,,Q71OthrD_Sep2003,Q61OthrD,q71othrd,q71othrd,,,,,,,
42,35,RoofMaterial,roofmaterial,Material used for the roof of main dwelling (wave 00:2),,,Q72Roof_Sep2000,,,,,,,,,,,,,,,,
43,296,RoofMat2,roofmaterial2,Material used for the roof of main dwelling (waves 01:2 to 05:1),"only difference from 35: 13 ""other"" & 14 ""not applicable""",,,,Q62RoofM_Sep2001,,Q72Roof_Sep2002,,Q72Roof_Sep2003,Q62Roof,q72roof,q72roof,,,,,,,
44,,,roofmaterial,Material used for the roof of main dwelling (consistent coding for all waves),created for consistentency of all waves,,,,,,,,,,,,,,,,,,
45,36,WallMaterial,wallsmaterial,Material used for the walls of main dwelling (wave 00:2),,,Q72Walls_Sep2000,,,,,,,,,,,,,,,,
46,297,WallsMat2,wallsmaterial2,Material used for the walls of main dwelling (wave 01:2 to 05:1),"only difference from 36: 13 ""other""",,,,Q62Walls_Sep2001,,Q72Walls_Sep2002,,Q72Walls_Sep2003,Q62Walls,q72walls,q72walls,,,,,,,
47,,,wallsmaterial,Material used for the walls of main dwelling (consistent coding for all waves),created for consistency of all waves,,,,,,,,,,,,,,,,,,
48,37,DwellOwned,dwellowned,"Is dwelling owned, rented",,,Q73Owner_Sep2000,,Q64Owner_Sep2001,,Q74Owner_Sep2002,,Q74Owner_Sep2003,Q64Owner,q74owner,q74owner,,,,,,,
49,38,NumRooms,numrooms,Total number of rooms in the dwelling,,,Q74TotRm_Sep2000,,Q65Totrm_Sep2001,,Q75TotRm_Sep2002,,Q79TotRm_Sep2003,Q69TotRm,q710totr,q710totr,,,,,,,
50,39,GovHsngSub,housingsubsidy,Household received a government housing subsidy,,,Q75Subsi_Sep2000,,Q66Hsubs_Sep2001,,Q76House_Sep2002,,Q710Hous_Sep2003,,q711hous,,,,,,,,
51,40,GovLandGrnt,landgrant,Household received a government land grant,,,Q76LandG_Sep2000,,Q67LandG_Sep2001,,Q77LandG_Sep2002,,Q711Land_Sep2003,,q712land,,,,,,,,
52,41,WaterSource,watersource1,Household's main source of water (wave 00:2),valid for 00:2 only,,Q77Sourc_Sep2000,,,,,,,,,,,,,,,,
53,1001,WtrSource100,watersource2,Household's main source of water (wave 01:1),valid for 01:1 only,,,Q63mains_Feb2001,,,,,,,,,,,,,,,
54,230,WtrSource99,watersource3,Household's main source of water (wave 01:2 to present),,,,,Q68Sourc_Sep2001,,Q78WatrS_Sep2002,,Q712Watr_Sep2003,,q713watr,,,,,,,,
55,42,WaterDist,waterdist1,Distance to water source from the dwelling (wave 00:2),valid for 00:2 only,,Q78DistW_Sep2000,,,,,,,,,,,,,,,,
56,233,WtrDistTime,wtrdisttime1,Time taken to walk to water source (wave 01:1),valid for 01:1 only,,,Q66DistW_Feb2001,,,,,,,,,,,,,,,
57,300,WtrDist99,wtrdisttime2,Distance to water source from the dwelling (waves 01:2 to present),,,,,Q69DistW_Sep2001,,Q79DistW_Sep2002,,Q713Dist_Sep2003,,q714dist,,,,,,,,
58,43,WaterPay,wtrpayhh,"Household pays for water (waves 00:2 to present, excluding 01:1)",,,Q79PayWa_Sep2000,,Q610Payw_Sep2001,,Q710PayW_Sep2002,,Q714PayW_Sep2003,,q715payw,,,,,,,,
59,242,WtrPayHH,wtrpayhh2,Household pays for water (wave 01:1),,,,Q610Pay4_Feb2001,,,,,,,,,,,,,,,
60,44,FuelCook,fuelcook,Main source of energy/fuel for cooking,,,Q710Cook_Sep2000,,Q611Cook_Sep2001,,Q711Cook_Sep2002,,Q715Cook_Sep2003,,q716cook,,,,,,,,
61,45,FuelHeat,fuelheat,Main source of energy/fuel for heating,,,Q710Heat_Sep2000,,Q611heat_Sep2001,,Q711Heat_Sep2002,,Q715Heat_Sep2003,,q716heat,,,,,,,,
62,46,FuelLight,fuellight,Main source of energy/fuel for lighting,,,Q710Lght_Sep2000,,Q611Lght_Sep2001,,Q711Ligh_Sep2002,,Q715Ligh_Sep2003,,q716ligh,,,,,,,,
63,47,DistWood,distwd,Distance to fetch wood or dung if necessary,,,Q711DstW_Sep2000,,,,,,,,,,,,,,,,
64,48,ToiletType,toilet,Type of toilet facility available for the household,,,Q712TypT_Sep2000,,,,,,,,,,,,,,,,
65,274,ToiMainType,toimaintype1,Main toilet type (wave01:1),,,,Q622Main_Feb2001,,,,,,,,,,,,,,,
66,269,ToiType1,toi1type,Type of toilet 1,,,,Q620Typ1_Feb2001,,,,,,,,,,,,,,,
67,270,ToiType2,toi2type,Type of toilet 2,,,,Q620Typ2_Feb2001,,,,,,,,,,,,,,,
68,271,Toitype3,toi3type,Type of toilet 3,,,,Q620Typ3_Feb2001,,,,,,,,,,,,,,,
69,272,ToiType4,toi4type,Type of toilet 4,,,,Q620Typ4_Feb2001,,,,,,,,,,,,,,,
70,301,ToiMainTyp2,toimaintype,Main toilet type (waves 01:2 to present),,,,,Q612TypT_Sep2001,,Q712TypT_Sep2002,,Q716Typt_Sep2003,,q717typt,,,,,,,,
71,,,toimaintype,Main toilet type (consistent for all waves),created for consistency of all waves,,,,,,,,,,,,,,,,,,
72,49,ToiletShared,toiletshared,Toilet facility is shared with other households,,,Q713ShrT_Sep2000,Q623Shrt_Feb2001,,,,,,,,,,,,,,,
73,50,ToiletDist,toiletdist,Distance to the nearest toilet facility (wave 00:2),,,Q714DstT_Sep2000,,,,,,,,,,,,,,,,
74,276,ToiMainDistance,toidisttime1,Distance to nearest toilet (wave 01:1),,,,Q624Dist_Feb2001,,,,,,,,,,,,,,,
75,302,ToiMainDist2,toidisttime2,Distance to nearest toilet (wave 01:2 to present),,,,,Q613Dist_Sep2001,,Q713Dist_Sep2002,,Q717Dist_Sep2003,,q718dist,,,,,,,,
76,51,ToiletFreqRem,toiletfreq,Frequently bucket toilet is removed,,,Q715FrqR_Sep2000,,Q614Frqr_Sep2001,,Q714RemB_Sep2002,,Q718RemB_Sep2003,,q719remb,,,,,,,,
77,52,Rubbish,rubbish,Method of taking care of the refuse or rubbish in the household,,,Q716Rubb_Sep2000,,Q615Rubb_Sep2001,,Q715Rubb_Sep2002,,Q719Rubb_Sep2003,,q720rubb,,,,,,,,
78,53,StreetLight,streetlight,There is street lighting,,,Q717StrL_Sep2000,,,,,,,,,,,,,,,,
79,54,TelLand,phoneland,Household has a phone (excluding cell phones),,,Q718aTel_Sep2000,,Q616aTel_Sep2001,,Q716Tele_Sep2002,,Q720Tele_Sep2003,,q721tele,,,,,,,,
80,55,TelCell,phonecell,A member of the house has a cell phone,,,Q718bCel_Sep2000,,Q616bCel_Sep2001,,Q716Cell_Sep2002,,Q720Cell_Sep2003,,q721cell,,,,,,,,
81,56,TelDistance,teldistance1,Minutes to travel to the nearest telephone that can be used (wave 00:2),,,Q719Trav_Sep2000,,,,,,,,,,,,,,,,
82,303,TelDist2,teldistance2,Minutes to travel to the nearest telephone that can be used (wave 01:2 to present),,,,,Q617Mins_Sep2001,,Q717Dist_Sep2002,,Q721Dist_Sep2003,,q722dist,,,,,,,,
83,,,teldistance,Minutes to travel to the nearest telephone that can be used (consistent across all waves),created for consistency of all waves,,,,,,,,,,,,,,,,,,
84,57,Mail,mail,Method of receiving mail/post,,,Q720Mail_Sep2000,,Q618mail_Sep2001,,Q718Mail_Sep2002,,Q722Maill_Sep2003,,q723maill,,,,,,,,
85,58,PostOffice,postoffice,There is a Post Office within a 30 minute (2 km),,,Q721Post_Sep2000,,,,,,,,,,,,,,,,
86,59,OwnRadio,radio,Household has a radio,,,Q722Radi_Sep2000,,Q621radi_Sep2001,,Q721Radi_Sep2002,,Q725Radi_Sep2003,,q726radi,,,,,,,,
87,60,OwnTV,tv,Household has a TV,,,Q723TV_Sep2000,,Q621TV_O_Sep2001,,Q721TV_Sep2002,,Q725TV_Sep2003,,q726tv,,,,,,,,
88,61,OwnVehicle,vehicle,Member of household has a motor vehicle,,,Q724Vehi_Sep2000,,Q621vehi_Sep2001,,Q721Car_Sep2002,,Q725Vehi_Sep2003,,q726vehi,,,,,,,,
89,322,OwnMtrCycle,motorcycle,Household owns a motorcycle,,,,,Q621Moto_Sep2001,,Q721Moto_Sep2002,,Q725Moto_Sep2003,,q726moto,,,,,,,,
90,323,OwnTractor,tractor,Household owns a tractor,,,,,Q621Trac_Sep2001,,Q721Trac_Sep2002,,Q725Trac_Sep2003,,q726trac,,,,,,,,
91,324,OwnPlough,plough,Household owns a plough,,,,,Q621Plou_Sep2001,,Q721Plou_Sep2002,,Q725Plou_Sep2003,,q726plou,,,,,,,,
92,325,OwnBicycle,bicycle,Household owns a bicycle,,,,,Q621Bicy_Sep2001,,Q721Bicy_Sep2002,,Q725Bicy_Sep2003,,q726bicy,,,,,,,,
93,326,OwnBed,bed,Household owns a bed,,,,,Q621Bed__Sep2001,,Q721Bed_Sep2002,,Q725Bed_Sep2003,,q726bed,,,,,,,,
94,327,OwnWatch,watch,Household owns a watch,,,,,Q621Watc_Sep2001,,Q721Watc_Sep2002,,Q725Watc_Sep2003,,q726watc,,,,,,,,
95,328,OwnBooks,books,Household owns some books,,,,,Q621Book_Sep2001,,Q721Book_Sep2002,,Q725Book_Sep2003,,q726book,,,,,,,,
96,62,AvailTrain1km,train1k,Train is available within 15 minute (1km) walk,,,Q725aTra_Sep2000,,,,,,,,,,,,,,,,
97,63,AvailBus1km,bus1k,Bus is available within 15 minute (1km) walk,,,Q725aBus_Sep2000,,,,,,,,,,,,,,,,
98,64,AvailMiniBus1km,taxi1k,Minibus taxi is available within 15 minute (1km) walk,,,Q725aTxi_Sep2000,,,,,,,,,,,,,,,,
99,65,AvailTrain2km,train2k,Train is available within 30 minute (2km) walk,,,Q725bTra_Sep2000,,,,,,,,,,,,,,,,
100,66,AvailBus2km,bus2k,Bus is available within 30 minute (2km) walk,,,Q725bBus_Sep2000,,,,,,,,,,,,,,,,
101,67,AvailMiniBus2km,taxi2k,Minibus taxi is available within 30 minute (2km) walk,,,Q725bTxi_Sep2000,,,,,,,,,,,,,,,,
102,68,AvailPriScl2km,schpri2k,Primary School is available within a 30 minute (2km) walk,,,Q726Prim_Sep2000,,,,,,,,,,,,,,,,
103,69,AvailSecScl2k,schsec2k,Secondary school is available within a 30 minute (2km) walk,,,Q726High_Sep2000,,,,,,,,,,,,,,,,
104,70,AvailClinic2km,clinic2k,Clinic/hospital is available within a 30 minute (2km) walk,,,Q726Clin_Sep2000,,,,,,,,,,,,,,,,
105,71,AvailShop2km,shop2k,Shop for foodstuffs is available within a 30 minute (2km) walk,,,Q726Shop_Sep2000,,,,,,,,,,,,,,,,
106,313,DistMarket,distmkt,Time taken to get to food market,why are these gray???,,,,Q620Food_Sep2001,,Q720Food_Sep2002,,Q724Food_Sep2003,,q725food,,,,,,,,
107,314,DistPubDist,disttransport,Time taken to get to public transport,why are these gray???,,,,Q620PubT_Sep2001,,Q720Tran_Sep2002,,Q724Tran_Sep2003,,q725tran,,,,,,,,
108,315,DistPreScl,distschpre,Time taken to get to pre-primary/pre-school centre,why are these gray???,,,,Q620Pres_Sep2001,,Q720PreS_Sep2002,,Q724PreS_Sep2003,,q725pres,,,,,,,,
109,316,DistPriScl,distschpri,Time taken to get to primary school,why are these gray???,,,,Q620Prim_Sep2001,,Q720Prim_Sep2002,,Q724Prim_Sep2003,,q725prim,,,,,,,,
110,317,DistSecScl,distschsec,Time taken to get to secondary school,why are these gray???,,,,Q620SecS_Sep2001,,Q720SecS_Sep2002,,Q724SecS_Sep2003,,q725secs,,,,,,,,
111,318,DistClinic,distclinic,Time taken to get to the clinic,why are these gray???,,,,Q620Clin_Sep2001,,Q720Clin_Sep2002,,Q724Clin_Sep2003,,q725clin,,,,,,,,
112,319,DistHsptl,disthospital,Time taken to get to hospital,why are these gray???,,,,Q620Hosp_Sep2001,,Q720Hosp_Sep2002,,Q724Hosp_Sep2003,,q725hosp,,,,,,,,
113,320,DistPost,distpost,Time taken to get to the post office (agent),why are these gray???,,,,Q620Post_Sep2001,,Q720Post_Sep2002,,Q724Post_Sep2003,,q725post,,,,,,,,
114,321,DistWelfare,distwelfare,Time taken to get to welfare,why are these gray???,,,,Q620Welf_Sep2001,,Q720Welf_Sep2002,,Q724Welf_Sep2003,,q725welf,,,,,,,,
115,72,HungryChild,hungrychild,Child under 7 went hungry in past year due to no money for food,,,Q727Hngr_Sep2000,,,,,,,,,,,,,,,,
116,73,HungryHHMem,hungryhhmember,Member of household went hungry in past year due to no money for food,,,Q728Hngr_Sep2000,,,,,,,,,,,,,,,,
117,329,FoodNeeds,foodneeds,Household had problems satisfying their food needs in past 12 months,"01:2 - meta-data, question wrong",,,,Q622Sati_Sep2001,,Q722Food_Sep2002,,Q726Food_Sep2003,,q727food,,,,,,,,
118,74,AssetBankSav,assetbank,Have money in a savings account at a bank,,,Q729SavB_Sep2000,,Q626SavB_Sep2001,,Q726SavB_Sep2002,,Q730SavB_Sep2003,,q731savb,,,,,,,,
119,75,AssetStokvel,assetstokvel,Have savings in a Stokvel,,,Q729Stok_Sep2000,,Q626stok_Sep2001,,Q726Stok_Sep2002,,Q730Stok_Sep2003,,q731stok,,,,,,,,
120,76,AssetPenPlan,assetpension,Have savings in pension plan or retirement annuity,,,Q729Pens_Sep2000,,Q626PenP_Sep2001,,Q726PenP_Sep2002,,Q730PenP_Sep2003,,q731penp,,,,,,,,
121,77,AssetUnitTrust,assettrust,"Have unit trust, stocks or shares",,,Q729Unit_Sep2000,,Q626Unit_Sep2001,,Q726Unit_Sep2002,,Q730Unit_Sep2003,,q731unit,,,,,,,,
122,78,AssetLoans,assetloans,Have cash loans which are expected to be repaid,,,Q729Cash_Sep2000,,Q626C_Lo_Sep2001,,Q726C_Lo_Sep2002,,Q730C_Lo_Sep2003,,q731c_lo,,,,,,,,
123,79,AssetLifeIns,assetlfinsur,Have Life insurance,,,Q729Life_Sep2000,,Q626Life_Sep2001,,Q726Life_Sep2002,,Q730Life_Sep2003,,q731life,,,,,,,,
124,80,AssetOtherSav,assetoth,Have other savings,,,Q729OthS_Sep2000,,Q626Othr_Sep2001,,Q726Othr_Sep2002,,Q730Othr_Sep2003,,q731othr,,,,,,,,
125,81,LoanFamMem,loanfamily,Received a cash loan / bought on credit from family member,,,Q730Fami_Sep2000,,Q627FamM_Sep2001,,Q727FamM_Sep2002,,Q731FamM_Sep2003,,q732famm,,,,,,,,
126,82,LoanNeighr,loanneighr,Received a cash loan / bought on credit from neighbour,,,Q730Neig_Sep2000,,Q627Neig_Sep2001,,Q727Neig_Sep2002,,Q731Neig_Sep2003,,q732neig,,,,,,,,
127,83,LoanLocalShop,loanshop,Received a cash loan / bought on credit from local dealer/shop,,,Q730Loca_Sep2000,,Q627LocD_Sep2001,,Q727LocD_Sep2002,,Q731LocD_Sep2003,,q732locd,,,,,,,,
128,84,LoanCoop,loancoop,Received a cash loan / bought on credit from a co-operative,,,Q730Coop_Sep2000,,Q627Co_O_Sep2001,,Q727Co_O_Sep2002,,Q731Co_O_Sep2003,,q732co_o,,,,,,,,
129,85,LoanBank,loancommbank,Received a cash loan / bought on credit from commercial bank or building society,,,Q730ComB_Sep2000,,Q627ComB_Sep2001,,Q727ComB_Sep2002,,Q731ComB_Sep2003,,q732comb,,,,,,,,
130,86,LoanLandBank,loanlandbank,Received a cash loan / bought on credit from a land bank,,,Q730LndB_Sep2000,,Q627Land_Sep2001,,Q727Land_Sep2002,,Q731Land_Sep2003,,q732land,,,,,,,,
131,87,LoanOthGov,loangovoth,Received a cash loan / bought on credit from other government agency,,,Q730GovA_Sep2000,,Q627GovA_Sep2001,,Q727GovA_Sep2002,,Q731GovA_Sep2003,,q732gova,,,,,,,,
132,88,LoanStokvel,loanstokvel,Received a cash loan / bought on credit from a stokvel,,,Q730Stok_Sep2000,,Q627Stok_Sep2001,,Q727Stok_Sep2002,,Q731Stok_Sep2003,,q732stok,,,,,,,,
133,89,LoanNonGovOrg,loanngo,Received a cash loan / bought on credit from non-Governmental Organisation,,,Q730NGO_Sep2000,,Q627NGO__Sep2001,,Q727NGO__Sep2002,,Q731NGO__Sep2003,,q732ngo_,,,,,,,,
134,90,LoanLender,loanlender,Received a cash loan / bought on credit from money lender/Mashonisa,,,Q730MnyL_Sep2000,,Q627MnYl_Sep2001,,Q727MnyL_Sep2002,,Q731MnyL_Sep2003,,q732mnyl,,,,,,,,
135,91,LoanComFarm,loancommfarm,Received a cash loan / bought on credit from commercial farmer,,,Q730ComF_Sep2000,,Q627ComF_Sep2001,,Q727ComF_Sep2002,,Q731ComF_Sep2003,,q732comf,,,,,,,,
136,92,LoanOther,loanoth,Received a cash loan / bought on credit from somewhere else,,,Q730OthL_Sep2000,,Q627OthL_Sep2001,,Q727Othr_Sep2002,,Q731Othr_Sep2003,,q732othr,,,,,,,,
137,93,weighthh,weighthh,Household Weight,,,HWgt_Sep2000,HWgt_Feb2001,weight_Sep2001,HH_WGT,hhweight_Sep2002,could only find person weights,House_wgt_Sep2003,House_Wgt,house_wgt,house_wgt,,,,,,,
138,94,psu,psu,Primary Sampling Unit number,,psu,psu,psu,PSU,psu,psu,Psu_Mar2003,PSU_Sep2003,PSU,psu,psu,psu,psu,psu,psu,psu,,
139,97,FetchWtrHrs,fetchwtrhrs,Hours spent fetching water in last 7 days,,,Q112HrsW_Sep2000,Q112HrsW_Feb2001,Q112HrsW_Sep2001,Q112HrsW_Feb2002,Q112HrsW_Sep2002,Q112HrsW_Mar2003,Q115HrsW_Sep2003,Q112HrsW,q115hrsw,q112hrsw,q115hrsw,Q112HrsW,q112hrsw,q112hrsw,q112hrsw,,
140,98,FetchWoodHrs,fetchwdhrs,Hours spent fetching wood or dung in last 7 days,,,Q114HrsD_Sep2000,Q114HrsD_Feb2001,Q114HrsD_Sep2001,Q114HrsD_Feb2002,Q114HrsD_Sep2002,Q114HrsD_Mar2003,Q117HrsD_Sep2003,Q114HrsD,q117hrsdd,q114hrsd,q117hrsd,Q114HrsD,q114hrsd,q114hrsd,q114hrsd,,
141,99,MedAid,medcoverage,Covered by a medical aid benefit scheme (waves 00:2 to 03:1),,,Q61Medic_Sep2000,,,Q116MED_Feb2002,,Q116Medi_Mar2003,,,,,,,,,,,
142,427,JobMedAid,medaid1,Employer provides or contributes to medical aid/health insurance (waves 00:1 to 04:2),,Q417cMed_Feb2000,Q417cMed_Sep2000,Q417cMed_Feb2001,Q417cMed_Sep2001,Q417cMed_Feb2002,Q417cMed_Sep2002,Q417cMed_Mar2003,Q417cMed_Sep2003,Q417cMed,q417cmed,,,,,,,,
143,486,NewMedAid,medaid2,Employer provides or contributes to medical aid/health insurance (waves 05:1 & 06:1),,,,,,,,,,,,q419meda,,Q419MedA,,,,,
144,1008,JobMedAid2,medaid3,Employer provides or contributes to medical aid/health insurance (05:2 & 06:2 to present),,,,,,,,,,,,,q419meda,,q419meda,q419meda,q419meda,,
145,100,IncOldAgePension,incpension,Indiv income past year from state old age pension,,,Q62GovPe_Sep2000,,,,,,,,,,,,,,,,
146,101,IncPensionPriv,incpensionpriv,Income past year from pension from work/retirement benefits,,,Q63WorkP_Sep2000,,,,,,,,,,,,,,,,
147,102,IncDisabGrant,incdisabgrnt,Indiv income past year from disability grant,,,Q64Disab_Sep2000,,,,,,,,,,,,,,,,
148,103,IncCompFund,inccompfund,Income past year from compensation fund (for injury or illness at work),,,Q65Compn_Sep2000,,,,,,,,,,,,,,,,
149,104,IncStateMaint,inctstmaint,Indiv income past year from state maintenance grant or child support grant,,,Q66Maint_Sep2000,,,,,,,,,,,,,,,,
150,105,IncPrivMaiint,incprivmaint,Income past year from maintenance from parent or former spouse,,,Q67PteMa_Sep2000,,,,,,,,,,,,,,,,
151,106,IncCareDepGrnt,incdepgrnt,Indiv income past year from care dependency (single care) grant,,,Q68CareD_Sep2000,,,,,,,,,,,,,,,,
152,107,IncFosterCareGrnt,incfostcrgrnt,Indiv income past year from foster care grant,,,Q69Foste_Sep2000,,,,,,,,,,,,,,,,
153,108,IncUIF,incUIF,Income past year from Unemployment Insurance Fund,,,Q610UIF_Sep2000,,,,,,,,,,,,,,,,
154,109,IncRemit,incremit,Income past year from remittances/financial support from outside household,,,Q611NonH_Sep2000,,,,,,,,,,,,,,,,
155,110,IncGratuities,incgrat,Income past year from gratuities/other lump sum,,,Q612Grat_Sep2000,,,,,,,,,,,,,,,,
156,111,IncOther,incother,Income past year fromm other sources,,,Q613aOth_Sep2000,,,,,,,,,,,,,,,,
157,330,GetAgePension,hhpension,Household member receives an old age pension,why are these highlighted???,,,,Q623Pens_Sep2001,,Q723Pens_Sep2002,,Q727Pens_Sep2003,,q728pens,,,,,,,,
158,331,GetDisableGrnt,hhdisablegrant,Household member receives a disability grant,why are these highlighted???,,,,Q623Disa_Sep2001,,Q723Disa_Sep2002,,Q727Disa_Sep2003,,q728disa,,,,,,,,
159,332,GetChildSupGrnt,hhchildsuppgrant,Household member receives a child support grant,why are these highlighted???,,,,Q623Chld_Sep2001,,Q723Chld_Sep2002,,Q727Chld_Sep2003,,q728chld,,,,,,,,
160,333,GetCareDepGrnt,hhcaredependgrant,Household member receives a care dependency grant,why are these highlighted???,,,,Q623Care_Sep2001,,Q723Care_Sep2002,,,,q728care,,,,,,,,
161,334,GetFosterCareGrnt,hhfostercaregrant,Household member receives a foster care grant,why are these highlighted???,,,,Q623Fost_Sep2001,,Q723Fost_Sep2002,,Q727Care_Sep2003,,q728fost,,,,,,,,
162,335,GetAidGrant,hhaidgrant,Household member receives a grant in aid,why are these highlighted???,,,,Q623Gvn__Sep2001,,Q723AidG_Sep2002,,Q727Aid_Sep2003,,q728aidg,,,,,,,,
163,336,GetSocialRelf,hhsocialrelief,Household member receives social relief,why are these highlighted???,,,,Q623Socr_Sep2001,,Q723SocR_Sep2002,,Q727SocR_Sep2003,,q728socr,,,,,,,,
164,112,Respond,inperson,Is the person responding in person,,Q20Respo_Feb2000,Q20SelfR_Sep2000,Q20SelfR_Feb2001,Q20SelfR_Sep2001,Q20SelfR_Feb2002,Q20SelfR_Sep2002,Q20SelfR_Mar2003,Q20SelfR_Sep2003,Q20SelfR,q20selfr,q20selfr,q20selfr,Q20SelfR,q20selfr,q20selfr,q20selfr,q20selfrespond,
165,113,LstWeekOwnBus,lstwkownbusiness,Ran or did any kind of own business in last 7 days,,Q21aOwnB_Feb2000,Q21aOwnB_Sep2000,Q21aOwnB_Feb2001,Q21aOwnB_Sep2001,Q21aOwnB_Feb2002,Q21aOwnB_Sep2002,Q21aOwnB_Mar2003,Q21aOwnB_Sep2003,Q21aOwnB,q21aownb,q21aownb,q23aownb,Q21aOwnB,q21aownb,q21aownb,q21aownb,q24bownbusns,
166,114,LstWeekPaidWork,lstwkpaidwork,"Worked for a wage, salary, commission or payment in kind in last 7 days",,Q21bPaid_Feb2000,Q21bPaid_Sep2000,Q21bPaid_Feb2001,Q21bPaid_Sep2001,Q21bPaid_Feb2002,Q21bPaid_Sep2002,Q21bPaid_Mar2003,Q21bPaid_Sep2003,Q21bPaid,q21bpaid,q21bpaid,q23bpaid,Q21bPaid,q21bpaid,q21bpaid,q21bpaid,q24apdwrk,
167,115,LstWeekDomWkr,lstwkdomwork,Worked as a domestic worker for payment in last 7 days,,Q21cDome_Feb2000,Q21cDome_Sep2000,Q21cDome_Feb2001,Q21cDome_Sep2001,Q21cDome_Feb2002,Q21cDome_Sep2002,Q21cDome_Mar2003,Q21cDome_Sep2003,Q21cDome,q21cdome,q21cdome,q23cdome,Q21cDome,q21cdome,q21cdome,q21cdome,,
168,116,LstWeekUnpaid,lstwkunpaidhelp,Helped unpaid in a family business in last 7 days,,Q21dUnPa_Feb2000,Q21dUnPa_Sep2000,Q21dUnPa_Feb2001,Q21dUnPd_Sep2001,Q21dUnPd_Feb2002,Q21dUnPd_Sep2002,Q21dUnPd_Mar2003,Q21dUnPd_Sep2003,Q21dUnPd,q21dunpd,q21dunpd,q23dunpd,Q21dUnPd,q21dunpd,q21dunpd,q21dunpd,q24cunpdwrk, note: maybe slightly different question
169,117,LstWeekFamPlot,lstwkfamplot,"Worked on family plot, garden, last 7 days",,Q21eFarm_Feb2000,Q21eFarm_Sep2000,Q21eFarm_Feb2001,Q21eFarm_Sep2001,Q21eFarm_Feb2002,Q21eFarm_Sep2002,Q21eFarm_Mar2003,Q21eFarm_Sep2003,Q21eFarm,q21efarm,q21efarm,q23efarm,Q21eFarm,q21efarm,q21efarm,q21efarm,q26afarmwrk,note: may be slightly different question
170,118,LstWeekConHome,lstwkrepairhome,"Did construction or major repair work on home, plot, last 7 days",,Q21fCons_Feb2000,Q21fCons_Sep2000,Q21fCons_Feb2001,Q21fCons_Sep2001,Q21fCons_Feb2002,Q21fCons_Sep2002,Q21fCons_Mar2003,Q21fCons_Sep2003,Q21fCons,q21fcons,q21fcons,q23fcons,Q21fCons,q21fcons,q21fcons,q21fcons,q26dconstruc,
171,119,LstWeekFish,lstwkfish,"Caught fish, wild animals or other food for sale or family food last 7 days",,Q21gCtch_Feb2000,Q21gCtch_Sep2000,Q21gCtch_Feb2001,Q21gCtch_Sep2001,Q21gCtch_Feb2002,Q21gCtch_Sep2002,Q21gCtch_Mar2003,Q21gCtch_Sep2003,Q21gCtch,q21gctch,q21gctch,q23gctch,Q21gCtch,q21gctch,q21gctch,q21gctch,q26ecatchfood,
172,120,LstWeekBeg,lstwkbeg,Begged for money or food in public last 7 days,,Q21hBeg_Feb2000,Q21hBeg_Sep2000,Q21hBeg_Feb2001,Q21hBeg_Sep2001,Q21hBeg_Feb2002,Q21hBeg_Sep2002,Q21hBeg_Mar2003,Q21hBeg_Sep2003,Q21hBeg,q21hbeg,q21hbeg,q23hbeg,Q21hBeg,q21hbeg,q21hbeg,q21hbeg,,
173,121,HaveJobDidntWork,havejobdidntwork,Didn't work last 7 days but has job to return to,,Q22HaveW_Feb2000,Q22HaveW_Sep2000,Q22HaveW_Feb2001,Q22HaveW_Sep2001,Q22HaveW_Feb2002,Q22HaveW_Sep2002,Q22HaveW_Mar2003,Q22HaveW_Sep2003,Q22HaveW,q22havew,q22havew,q24havew,Q22HaveW,q22havew,q22havew,q22havew,,
174,122,WhyAbsent,whyabsent,Reason absent from job in last 7 days,,Q23Absnt_Feb2000,Q23RsnAb_Sep2000,Q24RsnaB_Feb2001,Q23RsnaB_Sep2001,Q23RsnaB_Feb2002,Q23RsnAb_Sep2002,Q23RsnAb_Mar2003,Q23Mainr_Sep2003,Q23rsnab,q23mainr,q23rsnab,q26mainr,Q23Rsnab,q23rsnab,q23rsnab,q23rsnab,,
175,123,WhenStartWork,plantostartwork,When intend to return to work? (if has work to return to),,Q24Start_Feb2000,Q24Start_Sep2000,Q25Start_Feb2001,Q24Start_Sep2001,Q24Start_Feb2002,Q24Start_Sep2002,Q24Start_Mar2003,Q24Start_Sep2003,Q24Start,q24start,q24start,q27start,Q24Start,q24start,q24start,q24start,,
176,124,WhyNotWork,whynotwork,Reason did not work last 7 days (waves 00:1 to 02:1),,Q31YnotW_Feb2000,Q31YnotW_Sep2000,Q31YnotW_Feb2001,Q31YnotW_Sep2001,Q31YnotW_Feb2002,,,,,,,,,,,,,
177,428,WhyNotWk2,whynotwork2,Reason did not work during the past week (waves 02:2 to present),,,,,,,Q31YnotW_Sep2002,Q31YnotW_Mar2003,Q31YnotW_Sep2003,Q31YnotW,q31ynotw,q31ynotw,q32ynotw,Q32YnotW,q32ynotw,q32ynotw,q32ynotw,,
178,,,whynotwork,Reason did not work last 7 days (consistent for all waves),created for consistency of all waves,,,,,,,,,,,,,,,,,,
179,125,WillAcceptWork,willacceptwork,Will accept suitable job if offered,,Q32Accep_Feb2000,Q32Accep_Sep2000,Q32Accep_Feb2001,Q32Accep_Sep2001,Q32Accep_Feb2002,Q35Accep_Sep2002,Q35Accep_Mar2003,Q35Accep_Sep2003,Q35Accep,q35accep,q35accep,q36accep,Q36Accep,q36accep,q36accep,q36accep,,
180,126,HowSoonWork,canstartwork,How soon can start work,,Q33WhenS_Feb2000,Q33WhenS_Sep2000,Q33WhenS_Feb2001,Q33Whnst_Sep2001,Q33Whnst_Feb2002,Q36WhnSt_Sep2002,Q36WhnSt_Mar2003,Q36WhnSt_Sep2003,Q36WhnSt,q36whnst,q36whnst,q37whnst,Q37WhnSt,q37whnst,q37whnst,q37whnst,,
181,127,LookedForWork,searchwork,Looked for any kind of work in past 4 weeks,,Q34aLook_Feb2000,Q34aLook_Sep2000,Q34aLook_Feb2001,Q34aLook_Sep2001,Q34aLook_Feb2002,Q37LookW_Sep2002,Q37LookW_Mar2003,Q37LookW_Sep2003,Q37LookW,q37lookw,q37lookw,q38lookw,Q38LookW,q38lookw,q38lookw,q38lookw,,
182,128,TriedStartBus,startbus,Tried to start business in past 4 weeks,,Q34bBgnB_Feb2000,Q34bBgnB_Sep2000,Q34bBgnB_Feb2001,Q34bBgnB_Sep2001,Q34bBgnB_Feb2002,Q37BgnBs_Sep2002,Q37BgnBu_Mar2003,Q37BgnBs_Sep2003,Q37BgnBu,q37bgnbu,q37bgnbu,q38bgnbu,Q38BgnBu,q38bgnbu,q38bgnbu,q38bgnbu,,
183,129,SearchAgency,searchagency,Looked for work at employment agency/trade union in past 4 weeks,,Q35Hunt1_Feb2000,,,,,,,,,,,,,,,,,
184,130,SearchWkplace,searchwkplace,Enquired for work at workplace in past 4 weeks,,Q35Hunt2_Feb2000,,,,,,,,,,,,,,,,,
185,131,SearchAd,searchad,Placed or answered ad for work in past 4 weeks,,Q35Hunt3_Feb2000,,,,,,,,,,,,,,,,,
186,132,SearchFriends,searchfriends,Job search: sought assistance of friends or relatives in past 4 weeks,,Q35Hunt4_Feb2000,,,,,,,,,,,,,,,,,
187,133,SearchPermit,searchpermit,Looked for space or applied for permit for business in past 4 weeks,,Q35Hunt5_Feb2000,,,,,,,,,,,,,,,,,
188,134,SearchTraining,searchtraining,Has trained for work or business in past 4 weeks,,Q35Hunt6_Feb2000,,,,,,,,,,,,,,,,,
189,135,SearchStreet,searchstreet,Has waited on the street for work or business in past 4 weeks,,Q35Hunt7_Feb2000,,,,,,,,,,,,,,,,,
190,136,SearchOther,searchother,Has done something else for work or business in past 4 weeks,,Q35Hunt8_Feb2000,,,,,,,,,,,,,,,,,
191,137,SearchDK,searchunsure,Don't know if done anything for work in past 4 weeks,,Q35Hunt9_Feb2000,,,,,,,,,,,,,,,,,
192,214,SearchHow1,searchhow1,Activities to look for work or start a business in last 4 weeks (waves 00:2 to 02:1),,,Q35HuntW_Sep2000,Q35WhatS_Feb2001,Q35seekh_Sep2001,Q35seekh_Feb2002,,,,,,,,,,,,,
193,1002,SearchHow2,searchhow,Activities to look for work or start a business in last 4 weeks (waves 02:2 to present),,,,,,,Q38SeekH_Sep2002,Q38SeekH_Mar2003,Q38SeekHh_Sep2003,Q38Seekhh,q38seekhh,q38seekhh,q39seekhh,Q39SeekHh,q39seekhh,q39seekhh,q39seekh,,
194,,,searchhow,Activities to look for work or start a business in last 4 weeks (consistent for all waves),created for consistency of all waves,,,,,,,,,,,,,,,,,,
195,138,SearchLength1,searchlength,How long trying to find work or start a business (waves 00:1-01:1),,Q36TimSk_Feb2000,Q36TimSe_Sep2000,Q36TimSe_Feb2001,,,,,,,,,,,,,,,
196,383,SearchLength2,searchlength2,Period trying to find work or start a business (waves 01:2 to present),,,,,Q36TimSe_Sep2001,Q36TimSe_Feb2002,Q39TimSe_Sep2002,Q39TimSe_Mar2003,Q39TimSee_Sep2003,Q39TimSee,q39timsee,q39timsee,q310timse,Q310TimS,q310timse,q310timse,q310tims,,
197,,,searchlength,Period trying to find work or start a business (consistent coding for all waves),created for consistency of all waves,,,,,,,,,,,,,,,,,,
198,139,WhyNotSearch,rsnnosearch,Main reason why did not try to find work or start a business past 4 weeks,,Q37YnotL_Feb2000,Q37YnotL_Sep2000,Q37YnotL_Feb2001,Q37YnotS_Sep2001,Q37YnotS_Feb2002,Q310RsnN_Sep2002,Q310RsnN_Mar2003,Q310RsnN_Sep2003,Q310RsnN,q310rsnn,q310rsnn,q311rsnn,Q311RsnN,q311rsnn,q311rsnn,q311rsnn,,
199,140,EverWorked,everworked,"Ever worked before (waves 02:2 and beyong: 'for pay, profit, or family gain')",slight change in question at wave 6 (02:2),Q38EverW_Feb2000,Q38EverW_Sep2000,Q38EverW_Feb2001,Q38EverW_Sep2001,Q38EverW_Feb2002,Q311Ever_Sep2002,Q311Ever_Mar2003,Q311Ever_Sep2003,Q311Ever,q311ever,q311ever,q312ever,Q312Ever,q312ever,q312ever,q312ever,,
200,141,WhenLastJob1,whenlastjob,Length of time since last worked (waves 00:1 to 00:2),,Q39TmGap_Feb2000,Q39TmGap_Sep2000,,,,,,,,,,,,,,,,
201,505,WhenLastJob2,whenlastjob2,Length of time since last worked (waves 01:1 to present),,,,Q39TmGap_Feb2001,Q39TmGap_Sep2001,Q39TmGap_Feb2002,Q312TmGa_Sep2002,Q312TmGa_Mar2003,Q312TmGa_Sep2003,Q312TmGa,q312tmga,q312tmga,q313tmga,Q313TmGa,q313tmga,q313tmga,q313tmga,,
202,,,whenlastjob,Length of time since last worked (consistent coding for all waves),created for consistency of all waves,,,,,,,,,,,,,,,,,,
203,142,OccupPrev,occupprev,Kind of work done in previous job,,Q310Occu_Feb2000,Q310Occu_Sep2000,Q310Occu_Feb2001,Q310Occu_Sep2001,Q310Occu_Feb2002,Q313Occu_Sep2002,Q313Occu_Mar2003,Q313Occu_Sep2003,Q313Occu,q313occu,q313occu,q314occu,Q314Occu,q314occu,q314occup,q314occu,,
204,143,IndustryPrev,indusprev,Industry of previous place of work,,Q311Indu_Feb2000,Q311Indu_Sep2000,Q311Indu_Feb2001,Q311Indu_Sep2001,Q311Indu_Feb2002,Q314Indu_Sep2002,Q314Indu_Mar2003,Q314Indu_Sep2003,Q314Indu,q314indu,q314indu,q315indu,Q315Indu,q315indu,q315indu,q315indu,,
205,144,SupOddJobs,supoddjobs,Supported by odd jobs for last 7 days,,Q312aSup_Feb2000,Q312aSup_Sep2000,Q314aSup_Feb2001,Q312oddj_Sep2001,Q312oddj_Feb2002,Q315OddJ_Sep2002,Q315OddJ_Mar2003,Q315OddJ_Sep2003,Q315OddJ,q315oddj,q315oddj,q31oddjo,Q31OddJO,q31oddjo,q31oddjo,q31oddjo,,
206,145,SupHhPersons,suphhpersons,Supported by persons in the household for last 7 days,,Q312bSup_Feb2000,Q312bSup_Sep2000,Q314bSup_Feb2001,Q312inhh_Sep2001,Q312inhh_Feb2002,Q315inHH_Sep2002,Q315inHH_Mar2003,Q315inHH_Sep2003,Q315inHH,q315inhh,q315inhh,q31inhhp,Q31inHHP,q31inhhp,q31inhhp,q31inhhp,,
207,146,SupOtherPersons,supothpersons,Supported by persons not in the Household for last 7 days,,Q312cSup_Feb2000,Q312cSup_Sep2000,Q314cSup_Feb2001,Q312noth_Sep2001,Q312noth_Feb2002,Q315notH_Sep2002,Q315notH_Mar2003,Q315notH_Sep2003,Q315notH,q315noth,q315noth,q31nothh,Q31notHH,q31nothh,q31nothh,q31nothh,,
208,147,SupCharity,supcharity,"Supported by charity, church, welfare, for last 7 days",,Q312dSup_Feb2000,Q312dSup_Sep2000,Q314dSup_Feb2001,Q312char_Sep2001,Q312char_Feb2002,Q315Char_Sep2002,Q315Char_Mar2003,Q315Char_Sep2003,Q315Char,q315char,q315char,q31chari,Q31Chari,q31chari,q31chari,q31chari,,
209,148,SupUIF,supUIF,Supported by Unemployment Insurance Fund UIF for last 7 days,,Q312eSup_Feb2000,Q312eSup_Sep2000,Q314eSup_Feb2001,Q31uifs_Sep2001,Q31uifs_Feb2002,Q315UIFS_Sep2002,Q315UIFS_Mar2003,Q315UIFS_Sep2003,Q315UIFS,q315uifs,q315uifs,q31uifsu,Q31UIFSU,q31uifsu,q31uifsu,q31uifsu,,
210,149,SupSavings,supsavings,Supported by savings or money previously earned for last 7 days,,Q312fSup_Feb2000,Q312fSup_Sep2000,Q314fSup_Feb2001,Q312savi_Sep2001,Q312savi_Feb2002,Q315Savi_Sep2002,Q315Savi_Mar2003,Q315Savi_Sep2003,Q315Savi,q315savi,q315savi,q31savin,Q31Savin,q31savin,q31savin,q31savin,,
211,150,SupOldPen,suppension,Supported by old age or disability pension for past 7 days,,Q312gSup_Feb2000,Q312gSup_Sep2000,Q314gSup_Feb2001,Q312pens_Sep2001,Q312pens_Feb2002,Q315Pens_Sep2002,Q315Pens_Mar2003,Q315Pens_Sep2003,Q315Pens,q315pens,q315pens,q31pensi,Q31Pensi,q31pensi,q31pensi,q31pensi,,
212,151,SupOther,supother,"Other sources of support, e.g. bursary, study loan for past 7 days",,Q312hSup_Feb2000,Q312hSup_Sep2000,Q314hSup_Feb2001,Q312oths_Sep2001,Q312oths_Feb2002,Q315Othr_Sep2002,Q315Othr_Mar2003,Q315Othr_Sep2003,Q315Othr,q315othr,q315othr,q31othrs,Q31Othrs,q31othrs,q31othrs,q31othrs,,
213,152,JobOccup,occupation,"Occupation, main job in the last 7 days",,Q41Occup_Feb2000,Q41Occup_Sep2000,Q41Occup_Feb2001,Q41Occup_Sep2001,Q41Occup_Feb2002,Q41Occup_Sep2002,Q41Occup_Mar2003,Q41Occup_Sep2003,Q41Occup,q41occup,q41occup,q41occup,Q41Occup,q41occup,q41occup,q41occup,,
214,153,JobIndustry,industry,Industry of main job in last 7 days,,Q42Indus_Feb2000,Q42Indus_Sep2000,Q42Indus_Feb2001,Q42Indus_Sep2001,Q42Indus_Feb2002,Q42Indus_Sep2002,Q42Indus_Mar2003,Q42Indus_Sep2003,Q42Indus,q42indus,q42indus,q42indus,Q42Indus,q42indus,q42indus,q42indus,,
215,154,JobWorkFor,employer,Who does ... work for in main job (LFS only),,Q43MainW_Feb2000,Q43MWork_Sep2000,Q43Mwork_Feb2001,Q43Mwork_Sep2001,Q43Mwork_Feb2002,Q43MWork_Sep2002,Q43MWork_Mar2003,Q43MWork_Sep2003,Q43MWork,q43mwork,q43mwork,q43mwork,Q43Mwork,q43mwork,q43mwork,q43mwork,,
216,155,JobNEmployers,numemployers,How many employers does .. work for?,,Q44NrEmp_Feb2000,Q44NrEmp_Sep2000,Q44NrEmp_Feb2001,Q44NrEmp_Sep2001,Q44NrEmp_Feb2002,Q44NrEmp_Sep2002,Q44NrEmp_Mar2003,Q44NrEmp_Sep2003,Q44NrEmp,q44nremp,q44nremp,q44nremp,Q44NrEmp,q44nremp,q44nremp,q44nremp,,
217,156,JobStartYear,jobstartyear,Year started working for employer,,Q45aYear_Feb2000,Q45aYear_Sep2000,Q45aYear_Feb2001,Q45Years_Sep2001,Q45Years_Feb2002,Q45Years_Sep2002,Q45Years_Mar2003,Q45Years_Sep2003,Q45Years,q45years,q45years,q45years,Q45Years,q45years,q45years,q45years,,
218,157,JobStartMonth,jobstartmonth,Month started working for employer,,Q45bMnth_Feb2000,Q45bMnth_Sep2000,Q45bMnth_Feb2001,Q45Mnths_Sep2001,Q45Mnths_Feb2002,Q45MnthS_Sep2002,Q45MnthS_Mar2003,Q45MnthS_Sep2003,Q45MnthS,q45mnths,q45mnths,q45mnths,Q45MnthS,q45mnths,q45mnths,q45mnths,,
219,158,JobPermanent,jobpermanent,"Is job permanent, temporary, casual?",,Q46LnJob_Feb2000,Q46JobPe_Sep2000,Q46JobPe_Feb2001,Q49LengJ_Sep2001,Q49LengJ_Feb2002,Q46LengJ_Sep2002,Q46LengJ_Mar2003,Q46LengJ_Sep2003,Q46LengJ,q46lengj,q46lengj,q46lengj,Q46LengJ,q46lengj,q46lengj,q46lengj,,
220,159,JobOwnTools,jobtoolowner,Who owns the tools used at work?,,Q47Tools_Feb2000,Q47Tools_Sep2000,Q47Tools_Feb2001,Q47Tools_Sep2001,Q47Tools_Feb2002,Q47Tools_Sep2002,Q47Tools_Mar2003,Q47Tools_Sep2003,Q47Tools,q47tools,q47tools,q47tools,Q47Tools,q47tools,q47tools,q47tools,,
221,160,JobContract,jobcontract,Written contract with employer,,Q48Wrttn_Feb2000,Q48Wrttn_Sep2000,Q48Wrttn_Feb2001,Q48Wrttn_Sep2001,Q48Wrttn_Feb2002,Q48WrtnC_Sep2002,Q48WrtnC_Mar2003,Q48WrtnC_Sep2003,Q48WrtnC,q48wrtnc,q48wrtnc,q48wrtnc,Q48WrtnC,q48wrtnc,q48wrtnc,q48wrtnc,,
222,161,JobSupervised,jobsupervision,Supervised at work,,Q49Super_Feb2000,Q49Super_Sep2000,Q49Super_Feb2001,Q49Super_Sep2001,Q49Super_Feb2002,Q49Super_Sep2002,Q49Super_Mar2003,Q49Super_Sep2003,Q49Super,q49super,q49super,q49super,Q49Super,q49super,q49super,q49super,,
223,162,JobWhoPays,jobwhopays,"Paid by firm, labour broker, contractor, agency",,Q410WhoP_Feb2000,Q410WhoP_Sep2000,Q410WhoP_Feb2001,Q410WhoP_Sep2001,Q410WhoP_Feb2002,Q410WhoP_Sep2002,Q410WhoP_Mar2003,Q410WhoP_Sep2003,Q410WhoP,q410whop,q410whop,q410whop,Q410WhoP,q410whop,q410whop,q410whop,,
224,163,JobPension,jobpension,Does employer contribute to any pension/retirement?,,Q411Pens_Feb2000,Q411Pens_Sep2000,Q411Pens_Feb2001,Q411Pens_Sep2001,Q411Pens_Feb2002,Q411Pens_Sep2002,Q411Pens_Mar2003,Q411Pens_Sep2003,Q411Pens,q411pens,q411pens,q411pens,Q411Pens,q411pens,q411pens,q411pens,,
225,164,JobPaidLeave,jobpaidleave,Paid leave on job,,Q412Leav_Feb2000,Q412Leav_Sep2000,Q412Leav_Feb2001,Q412Leav_Sep2001,Q412Leav_Feb2002,Q412Leav_Sep2002,Q412Leav_Mar2003,Q412Leav_Sep2003,Q412Leav,q412leav,q412leav,q412leav,Q412Leav,q412leav,q412leav,q412leav,,
226,165,JobUnion,jobunion,Member of trade union,,Q413TrdU_Feb2000,Q413TrdU_Sep2000,Q413TrdU_Feb2001,Q413TrdU_Sep2001,Q413TrdU_Feb2002,Q413TrdU_Sep2002,Q413TrdU_Mar2003,Q413TrdU_Sep2003,Q413TrdU,q413trdu,q413trdu,q413trdu,Q413TrdU,q413trdu,q413trdu,q413trdu,,
227,166,JobBusType1,businesstype1,Type of business where person works (waves 00:1 to 01:1),,Q414Type_Feb2000,Q414Type_Sep2000,Q414TypB_Feb2001,,,,,,,,,,,,,,,
228,384,JobBusType2,businesstype2,Type of business where person works (waves 01:2 to 07:2),,,,,Q414TypB_Sep2001,Q414TypB_Feb2002,Q414TypB_Sep2002,Q414TypB_Mar2003,Q414TypBb_Sep2003,Q414TypBb,q414typbb,q414typbb,q414typbb,Q414TypBb,q414typbb,q414typbb,q414typb,,
229,167,JobSalary,jobsalary,Total salary/pay in main job,,Q415aSal_Feb2000,Q415aSal_Sep2000,Q415aSal_Feb2001,Q415aSal_Sep2001,Q415aSal_Feb2002,Q415aSal_Sep2002,Q415aSal_Mar2003,Q415aSal_Sep2003,Q415aSal,q415asal,q415asal,q415asal,Q415aSal,q415asal,q415asal,q415asal,,
230,168,JobSalPeriod,jobsalperiod,"Salary time period (1=week, 2=month, 3=year)",,Q415bSal_Feb2000,Q415bSal_Sep2000,Q415bSal_Feb2001,Q415bSal_Sep2001,Q415bSal_Feb2002,Q415bSal_Sep2002,Q415bSal_Mar2003,Q415bSal_Sep2003,Q415bSal,q415bsal,q415bsal,q415bsal,Q415bSal,q415bsal,q415bsal,q415bsal,,
231,169,JobSalCat,jobsalcat,Total salary at main job: category,,Q415cSal_Feb2000,Q415cSal_Sep2000,Q415cSal_Feb2001,Q415cSal_Sep2001,Q415cSal_Feb2002,Q415cSal_Sep2002,Q415cSal_Mar2003,Q415cSal_Sep2003,Q415cSal,q415csal,q415csal,q415csal,Q415cSal,q415csal,q415csal,q415csal,,
232,170,JobNumWkrs,numworkers,Number of regular workers at job,,Q416NrWo_Feb2000,Q416NrWo_Sep2000,Q416NrWo_Feb2001,Q416NrWo_Sep2001,Q416NrWo_Feb2002,Q416NrWo_Sep2002,Q416NrWo_Mar2003,Q416NrWo_Sep2003,Q416NrWo,q416nrwo,q416nrwo,q416nrwo,Q416NrWo,q416nrwo,q416nrwo,q416nrwo,,
233,171,JobBusReg,jobbusreg,Business is a registered company or close corporation,,Q417aReg_Feb2000,Q417aReg_Sep2000,Q417aReg_Feb2001,Q417aReg_Sep2001,Q417aReg_Feb2002,Q417aReg_Sep2002,Q417aReg_Mar2003,Q417aReg_Sep2003,Q417aReg,q417areg,q417regi,q417regi,Q417Regi,q417regi,q417regi,q417regi,,
234,172,JobLocation,joblocation,Location of job (all waves except 01:1),,Q418Locn_Feb2000,Q418Locn_Sep2000,,Q419Loca_Sep2001,Q419Loca_Feb2002,Q419Loca_Sep2002,Q419Loca_Mar2003,Q419Locaa_Sep2003,Q419Locaa,q419locaa,q422locaa,q423locaa,Q422Locaa,q423locaa,q423locaa,q423loca,,
235,1003,JobLocation2,joblocation2,Location of job (wave 01:1),,,,Q419Loca_Feb2001,,,,,,,,,,,,,,,
236,173,JobSector,jobsector,"Is job in formal sector, informal sector?",,Q419Sect_Feb2000,Q419Sect_Sep2000,Q418sect_Feb2001,Q418sect_Sep2001,Q418sect_Feb2002,Q418Sect_Sep2002,Q418Sect_Mar2003,Q418Sect_Sep2003,Q418Sect,q418sect,q421sect,q422sect,Q421Sect,q422sect,q422sect,q422sect,,
237,207,JobSectorDer1,empsector1,Employment sector (waves 00:1 to 00:2),,Sector_Feb2000,Sector_Sep2000,,,,,,,,,,,,,,,,
238,1005,JobSectorDer2,empsector,Employment sector (waves 01:1 to present),,,,Sector_Feb2001,Sector_Sep2001,Sector_Feb2002,Sector_Sep2002,Sector_Mar2003,Sector_Sep2003,Sector,sector,sector,sector,Sector,sector,sector,sector,,
239,,,empsector,Employment sector (consistent coding for all waves),created for consistency of all waves,,,,,,,,,,,,,,,,,,
240,174,JobMnHrsLstWk,mainjob_hrslstwk,"Hours worked at main job, including overtime in last 7 days",,Q420aHrs_Feb2000,Q420aHrs_Sep2000,Q430aHrs_Feb2001,Q420aHrs_Sep2001,Q420aHrs_Feb2002,Q420aHrs_Sep2002,Q420aHrs_Mar2003,Q420aHrs_Sep2003,Q420aHrs,q420ahrs,q423ahrs,q424ahrs,Q423aHrs,q424ahrs,q424ahrs,q424ahrs,,
241,175,JobOthHrsLstWk,otherwork_hrslstwk,Hours worked in all other work activities in last 7 days,,Q420bHrs_Feb2000,Q420bHrs_Sep2000,Q430bHrs_Feb2001,Q420bHrs_Sep2001,Q420bHrs_Feb2002,Q420bHrs_Sep2002,Q420bHrs_Mar2003,Q420bHrs_Sep2003,Q420bHrs,q420bhrs,q423bhrs,q424bhrs,Q423bHrs,q424bhrs,q424bhrs,q424bhrs,,
242,176,JobTotHrsLstWk,totalwork_hrslstwk,Hours worked in total in last 7 days,,Q420cHrs_Feb2000,Q420cHrs_Sep2000,Q430cHrs_Feb2001,Q420cHrs_Sep2001,Q420cHrs_Feb2002,Q420cHrs_Sep2002,Q420cHrs_Mar2003,Q420cHrs_Sep2003,Q420cHrs,q420chrs,q423chrs,q424chrs,Q423cHrs,q424chrs,q424chrs,q424chrs,,
243,177,JobMnHrsUsual,mainjob_hrsusual,Hours usually worked per week including overtime,,Q421aUsu_Feb2000,Q421aHrs_Sep2000,Q431aHrs_Feb2001,Q421aHrs_Sep2001,Q421aHrs_Feb2002,Q421aHrs_Sep2002,Q421aHrs_Mar2003,Q421aHrs_Sep2003,Q421aHrs,q421ahrs,q424ahrs,q425ahrs,Q424aHrs,q425ahrs,q425ahrs,q425ahrs,,
244,178,JobOthHrsUsual,otherwork_hrsusual,Hours usually worked per week in all other activities,,Q421bUsu_Feb2000,Q421bHrs_Sep2000,Q431bHrs_Feb2001,Q421bHrs_Sep2001,Q421bHrs_Feb2002,Q421bHrs_Sep2002,Q421bHrs_Mar2003,Q421bHrs_Sep2003,Q421bHrs,q421bhrs,q424bhrs,q425bhrs,Q424bHrs,q425bhrs,q425bhrs,q425bhrs,,
245,179,JobTotHrsUsual,totalwork_hrsusual,Hours usually worked per week in total,,Q421cUsu_Feb2000,Q421cHrs_Sep2000,Q431cHrs_Feb2001,Q421cHrs_Sep2001,Q421cHrs_Feb2002,Q421cHrs_Sep2002,Q421cHrs_Mar2003,Q421cHrs_Sep2003,Q421cHrs,q421chrs,q424chrs,q425chrs,Q424cHrs,q425chrs,q425chrs,q425chrs,,
246,180,JobFlexHrs,jobflexhrs,Can choose how many hours to work per week,,Q422Flex_Feb2000,Q422Flex_Sep2000,Q432Flex_Feb2001,Q422Flex_Sep2001,Q422Flex_Feb2002,Q422Fixe_Sep2002,Q422Fixe_Mar2003,Q422Fixe_Sep2003,Q422Fixe,q422fixe,q425fixe,q426fixe,Q425Fixe,q426fixe,q426fixe,q426fixe,,
247,181,JobWantMoreHrs,jobwantmorehours,Want to work longer hours,,Q423More_Feb2000,Q423More_Sep2000,Q433More_Feb2001,Q423More_Sep2001,Q423More_Feb2002,Q423More_Sep2002,Q423More_Mar2003,Q423More_Sep2003,Q423More,q423more,q426more,q427more,Q426More,q427more,q427more,q427more,,
248,182,StartExtraWk,startextrawork,Can start extra work in next 4 weeks if available,,Q424WhnX_Feb2000,Q424WhnX_Sep2000,Q434WhnX_Feb2001,Q424WhnX_Sep2001,Q424WhnX_Feb2002,Q424Star_Sep2002,Q424Star_Mar2003,Q424Star_Sep2003,Q424Star,q424star,q427star,q428star,Q427Star,q428star,q428star,q428star,,
249,183,LookExtraWk,lookextrawork,Has looked for work in previous 4 weeks,,Q425HntX_Feb2000,Q425HntX_Sep2000,Q435HntX_Feb2001,Q425HntX_Sep2001,Q425HntX_Feb2002,Q425look_Sep2002,Q425look_Mar2003,Q425look_Sep2003,Q425look,q425look,q428look,q429look,Q428look,q429look,q429look,q429look,,
250,184,ExtraWkEnq,extrawkenquired,Has enquired at work place for extra work,,Q426Hnt1_Feb2000,,,,,,,,,,,,,,,,,
251,185,ExtraWkReg,extrawkregistered,Has waited/registered for extra work,,Q426Hnt2_Feb2000,,,,,,,,,,,,,,,,,
252,186,ExtraWkAd,extrawkadvertised,Has advertised for extra work,,Q426Hnt3_Feb2000,,,,,,,,,,,,,,,,,
253,187,ExtraWkAssist,extrawkassistance,Has  sought assistance for extra work,,Q426Hnt4_Feb2000,,,,,,,,,,,,,,,,,
254,188,ExtraWkLand,extrawkland,Has looked for land etc for extra work,,Q426Hnt5_Feb2000,,,,,,,,,,,,,,,,,
255,189,ExtraWkStreet,extrawkstreet,Has waited at street side for extra work,,Q426Hnt6_Feb2000,,,,,,,,,,,,,,,,,
256,190,ExtraWkOther,extrawkother,Has done something else to find extra work,,Q426Hnt7_Feb2000,,,,,,,,,,,,,,,,,
257,191,ExtraWkDK,extrawkunknown,Does not know if looked for extra work,,Q426Hnt8_Feb2000,,,,,,,,,,,,,,,,,
258,215,ExtraWkHow,extrawkhow,Activities done to look or prepare for extra work,,,Q426HntX_Sep2000,Q436HntX_Feb2001,Q426HntX_Sep2001,Q426HntX_Feb2002,Q426Seek_Sep2002,Q426Seek_Mar2003,Q426Seekk_Sep2003,Q426Seekk,q426seekk,q429seekk,q430seekk,Q429Seekk,q430seekk,q430seekk,q430seek,,
259,192,ExtraWkType,extrawktype,Type of extra work being looked for,,Q427TypX_Feb2000,Q427TypX_Sep2000,Q437TypX_Feb2001,Q427TypX_Sep2001,Q427TypX_Feb2002,Q427TypX_Sep2002,Q427TypX_Mar2003,Q427TypX_Sep2003,Q427TypX,q427typx,q430typx,q431typx,Q430TypX,q431typx,q431typx,q431typx,,
260,193,Farm,farm,The person grows/farms produce,,Q51FarmA_Feb2000,Q51FarmA_Sep2000,Q51FarmA_Feb2001,Q51FarmY_Sep2001,Q51FarmY_Feb2002,Q51FarmA_Sep2002,Q51FarmA_Mar2003,Q51FarmA_Sep2003,Q51FarmA,q51farma,q61farma,q61farma,Q61FarmA,q61farma,q61farma,q61farma,,
261,194,FarmJan,farmyrjan1,"Grew produce in January, last 12 months",range 0-1,Q52_Jan_Feb2000,,,,,,,,,,,,,,,,,
262,195,FarmFeb,farmyrfeb1,"Grew produce in February, last 12 months",,Q52_Feb_Feb2000,,,,,,,,,,,,,,,,,
263,196,FarmMar,farmyrmar1,"Grew produce in March, last 12 months",,Q52_Mar_Feb2000,,,,,,,,,,,,,,,,,
264,197,FarmApr,farmyrapr1,"Grew produce in April, last 12 months",,Q52_Apr_Feb2000,,,,,,,,,,,,,,,,,
265,198,FarmMay,farmyrmay1,"Grew produce in May, last 12 months",,Q52_May_Feb2000,,,,,,,,,,,,,,,,,
266,199,FarmJun,farmyrjun1,"Grew produce in June, last 12 months",,Q52_Jun_Feb2000,,,,,,,,,,,,,,,,,
267,200,FarmJul,farmyrjul1,"Grew produce in July, last 12 months",,Q52_Jul_Feb2000,,,,,,,,,,,,,,,,,
268,201,FarmAug,farmyraug1,"Grew produce in August, last 12 months",,Q52_Aug_Feb2000,,,,,,,,,,,,,,,,,
269,202,FarmSep,farmyrsep1,"Grew produce in September, last 12 months",,Q52_Sept_Feb2000,,,,,,,,,,,,,,,,,
270,203,FarmOct,farmyroct1,"Grew produce in October, last 12 months",,Q52_Oct_Feb2000,,,,,,,,,,,,,,,,,
271,204,FarmNov,farmyrnov1,"Grew produce in November, last 12 months",,Q52_Nov_Feb2000,,,,,,,,,,,,,,,,,
272,205,FarmDec,farmyrdec1,"Grew produce in December, last 12 months",,Q52_Dec_Feb2000,,,,,,,,,,,,,,,,,
273,,could have same codes?,,,,,,,,,,,,,,,,,,,,,
274,216,FarmYrOct,farmyroct,Grew produce (last 12 months) in October,range 1-2,,Q52Oct99_Sep2000,Q52Oct00_Feb2001,Q52Jun01_Sep2001,Q52Oct01_Feb2002,Q52Oct01_Sep2002,Q52Oct02_Mar2003,Q52Oct02_Sep2003,Q52Oct03,q52oct03,q62oct04,q62oct04,Q62Oct05,q62oct05,q62oct06,q62oct06,,
275,217,FarmYrNov,farmyrnov,Grew produce (last 12 months) in November,,,Q52Nov99_Sep2000,Q52Nov00_Feb2001,Q52Jul01_Sep2001,Q52Nov01_Feb2002,Q52Nov01_Sep2002,Q52Nov02_Mar2003,Q52Nov02_Sep2003,Q52Nov03,q52nov03,q62nov04,q62nov04,Q62Nov05,q62nov05,q62nov06,q62nov06,,
276,218,FarmYrDec,farmyrdec,Grew produce (last 12 months) in December,,,Q52Dec99_Sep2000,Q52Dec00_Feb2001,Q52Aug01_Sep2001,Q52Dec01_Feb2002,Q52Dec01_Sep2002,Q52Dec02_Mar2003,Q52Dec02_Sep2003,Q52Dec03,q52dec03,q62dec04,q62dec04,Q62Dec05,q62dec05,q62dec06,q62dec06,,
277,219,FarmYrJan,farmyrjan,Grew produce (last 12 months) in January,,,Q52Jan00_Sep2000,Q52Jan01_Feb2001,Q52Sep00_Sep2001,Q52Jan02_Feb2002,Q52Jan02_Sep2002,Q52Jan03_Mar2003,Q52Jan03_Sep2003,Q52Jan04,q52jan04,q62jan05,q62jan05,Q62Jan06,q62jan06,q62jan07,q62jan07,,
278,220,FarmYrFeb,farmyrfeb,Grew produce (last 12 months) in February,,,Q52Feb00_Sep2000,Q52Feb01_Feb2001,Q52Oct00_Sep2001,Q52Feb02_Feb2002,Q52Feb02_Sep2002,Q52Feb03_Mar2003,Q52Feb03_Sep2003,Q52Feb04,q52feb04,q62feb05,q62feb05,Q62Feb06,q62feb06,q62feb07,q62feb07,,
279,221,FarmYrMar,farmyrmar,Grew produce (last 12 months) in March,,,Q52Mar00_Sep2000,Q52Mar01_Feb2001,Q52Nov00_Sep2001,Q52Mar01_Feb2002,Q52Mar02_Sep2002,Q52Mar02_Mar2003,Q52Mar03_Sep2003,Q52Mar03,q52mar04,q62mar04,q62mar05,Q62Mar05,q62mar06,q62mar06,q62mar07,,
280,222,FarmYrApr,farmyrapr,Grew produce (last 12 months) in April,,,Q52Apr00_Sep2000,Q52Apr00_Feb2001,Q52Dec00_Sep2001,Q52Apr01_Feb2002,Q52Apr02_Sep2002,Q52Apr02_Mar2003,Q52Apr03_Sep2003,Q52Apr03,q52apr04,q62apr04,q62apr05,Q62Apr05,q62apr06,q62apr06,q62apr07,,
281,223,FarmYrMay,farmyrmay,Grew produce (last 12 months) in May,,,Q52May00_Sep2000,Q52May00_Feb2001,Q52Jan01_Sep2001,Q52May01_Feb2002,Q52May02_Sep2002,Q52May02_Mar2003,Q52May03_Sep2003,Q52May03,q52may04,q62may04,q62may05,Q62May05,q62may06,q62may06,q62may07,,
282,224,FarmYrJun,farmyrjun,Grew produce (last 12 months) in June,,,Q52Jun00_Sep2000,Q52Jun00_Feb2001,Q52Feb01_Sep2001,Q52Jun01_Feb2002,Q52Jun02_Sep2002,Q52Jun02_Mar2003,Q52Jun03_Sep2003,Q52Jun03,q52jun04,q62jun04,q62jun05,Q62Jun05,q62jun06,q62jun06,q62jun07,,
283,225,FarmYrJul,farmyrjul,Grew produce (last 12 months) in July,,,Q52Jul00_Sep2000,Q52Jul00_Feb2001,Q52Mar01_Sep2001,Q52Jul01_Feb2002,Q52Jul02_Sep2002,Q52Jul02_Mar2003,Q52Jul03_Sep2003,Q52Jul03,q52jul04,q62jul04,q62jul05,Q62Jul05,q62jul06,q62jul06,q62jul07,,
284,226,FarmYrAug,farmyraug,Grew produce (last 12 months) in August,,,Q52Aug00_Sep2000,Q52Aug00_Feb2001,Q52Apr01_Sep2001,Q52Aug01_Feb2002,Q52Aug02_Sep2002,Q52Aug02_Mar2003,Q52Aug03_Sep2003,Q52Aug03,q52aug04,q62aug04,q62aug05,Q62Aug05,q62aug06,q62aug06,q62aug07,,
285,227,FarmYrSep,farmyrsep,Grew produce (last 12 months) in September,,,Q52Sep00_Sep2000,Q52Sep00_Feb2001,Q52May01_Sep2001,Q52Sep01_Feb2002,Q52Sep01_Sep2002,Q52Sep02_Mar2003,Q52Sep02_Sep2003,Q52Sep03,q52sep03,q62sep04,q62sep04,Q62Sep05,q62sep05,q62sep06,q62sep06,,
286,206,WhyFarm,whyfarm00:1,Reason why grows farm produce or keeps stock (wave 00:1 only),,Q53YFarm_Feb2000,,,,,,,,,,,,,,,,,
287,1004,WhyFarm2,whyfarm,Reason why grows farm produce or keeps stock (wave 00:2 to present),,,Q53YFarm_Sep2000,Q53YFarm_Feb2001,Q53YFarm_Sep2001,Q53YFarm_Feb2002,Q53FarmW_Sep2002,Q53FarmW_Mar2003,Q53FarmW_Sep2003,Q53FarmW,q53farmw,q63farmw,q63farmw,Q63FarmW,q63farmw,q63farmw,q63farmw,,
288,208,JobIndustryC,jobindcode,"Industry of employment, short code",,Indus_Feb2000,Indus_Sep2000,Indus_Feb2001,Indus_Sep2001,Indus_Feb2002,Indus_Sep2002,Indus_Mar2003,Indus_Sep2003,Indus,indus,indus,indus,Indus,indus,indus,indus,,
289,209,JobOccupC,jobocccode,"Occupation of main job, short code",,Occup_Feb2000,Occup_Sep2000,Occup_Feb2001,Occup_Sep2001,Occup_Feb2002,Occup_Sep2002,Occup_Mar2003,Occup_Sep2003,Occup,occup,occup,occup,Occup,occup,occup,occup,,
290,210,IndustPrevC,previndcode,"Industry of previous job, short code",,IndusP_Feb2000,maybe should create this variable?,Indusp_Feb2001,Indusp_Sep2001,Indusp_Feb2002,Indusp_Sep2002,Indusp_Mar2003,Indusp_Sep2003,Indusp,indusp,indusp,indusp,Indusp,indusp,indusp,indusp,,
291,211,OccupPrevC,prevocccode,"Occupation of previous job, short code",,OccuPrev_Feb2000,maybe should create this variable?,occuprev_Feb2001,occuprev_Sep2001,occuprev_Feb2002,Occuprev_Sep2002,Occuprev_Mar2003,occuprev_Sep2003,occuprev,occuprev,occuprev,occuprev,occuprev,occuprev,occuprev,occuprev,,
292,212,EmpStatus1,empstat1,"Employment status, official",,Status1_Feb2000,Status1_Sep2000,Status1_Feb2001,Status1_Sep2001,Status1_Feb2002,Status1_Sep2002,Status1_Mar2003,Status1_Sep2003,Status3,status1,status1,status1,Status1,status1,status1,status1,,
293,213,EmpStatus2,empstat2,"Employment status, expanded",,Status2_Feb2000,Status2_Sep2000,Status2_Feb2001,Status2_Sep2001,Status2_Feb2002,Status2_Sep2002,Status2_Mar2003,Status2_Sep2003,Status4,status2,status2,status2,Status2,status2,status2,status2,,
294,228,PipedWtr,pipedwater,Household has access to piped main water,,,,Q61Piped_Feb2001,,,,,,,,,,,,,,,
295,229,PipedWtrTrtd,pipedwtrtrtd,Piped main water is treated,,,,Q62Treat_Feb2001,,,,,,,,,,,,,,,
296,231,WtrSourceOther,wtrsourceoth,Source of water from water carrier/tanker/vender,,,,Q64Tankr_Feb2001,,,,,,,,,,,,,,,
297,232,WtrFetchPrsn,wtrfetchprsn,Person who mainly fetches water,,,,Q65WhoFe_Feb2001,,,,,,,,,,,,,,,
298,234,WtrUsedDay,dailywtruse,Amount of water used in a day,,,,Q67AmtDa_Feb2001,,,,,,,,,,,,,,,
299,235,WtrProvideMeter,wtrmeterconv,Provided with a conventional water meter,,,,Q68Conve_Feb2001,,,,,,,,,,,,,,,
300,236,WtrProvidePrePay,wtrmeterprepay,Provided with a prepayment water meter,,,,Q68PPaym_Feb2001,,,,,,,,,,,,,,,
301,237,WtrProvideReg,wtrprovidereg,Provided with a regulated supply,,,,Q68ReguS_Feb2001,,,,,,,,,,,,,,,
302,238,WtrProvideBill,wtrprovidebill,Provided with a bill for water used,,,,Q68Bill_Feb2001,,,,,,,,,,,,,,,
303,239,WtrProvideFlatBill,wtrprovideflatbill,Provided with a flat rate bill,,,,Q68FlatR_Feb2001,,,,,,,,,,,,,,,
304,240,WtrProvideAttndnt,wtrprovideattndnt,Provided with an attendant at water source,,,,Q68Atten_Feb2001,,,,,,,,,,,,,,,
305,241,WtrUsedMonth,monwtruse,Average water used per month,,,,Q69AvgMo_Feb2001,,,,,,,,,,,,,,,
306,243,WtrCostMonth,monwtrcost,Cost of water per month,,,,Q611Cost_Feb2001,,,,,,,,,,,,,,,
307,244,WtrNotPayHHRsn,wtrnopayrsn,Reason why household does not pay for water,,,,Q612RsnN_Feb2001,,,,,,,,,,,,,,,
308,245,WtrIntruptReg,wtrintruptreg,Regularities of interruptions in the piped water supply,,,,Q613Inte_Feb2001,,,,,,,,,,,,,,,
309,246,WtrIntruptCause,wtrintruptcause,Cause of interruptions in piped water supply,,,,Q614Caus_Feb2001,,,,,,,,,,,,,,,
310,247,WtrIntruptFixTime,wtrintruptfixtime,Time taken to rectify piped water supply problems,,,,Q615Rect_Feb2001,,,,,,,,,,,,,,,
311,248,WtrUseDrink,wtrusedrink,Water used for drinking,,,,Q616Drin_Feb2001,,,,,,,,,,,,,,,
312,249,WtrUsePrepFood,wtrusefoodprep,Water used for food preparation,,,,Q616Food_Feb2001,,,,,,,,,,,,,,,
313,250,WtrUseCook,wtrusecook,Water used for cooking,,,,Q616Cook_Feb2001,,,,,,,,,,,,,,,
314,251,WtrUseWashHands,wtrusewashhands,Water used for washing hands,,,,Q616Hand_Feb2001,,,,,,,,,,,,,,,
315,252,WtrUseBath,wtrusebath,Water used for bathing,,,,Q616Bath_Feb2001,,,,,,,,,,,,,,,
316,253,WtrUseCleanHome,wtrusecleanhome,Water used for cleaning house,,,,Q616Hous_Feb2001,,,,,,,,,,,,,,,
317,254,WtrUseWashDish,wtrusewashdish,Water used for washing dishes,,,,Q616Dish_Feb2001,,,,,,,,,,,,,,,
318,255,WtrUseWathClothe,wtrusewashclothes,Water used for washing clothes,,,,Q616Clot_Feb2001,,,,,,,,,,,,,,,
319,256,WtrUseSan,wtrusesan,Water used for water borne sanitation,,,,Q616sani_Feb2001,,,,,,,,,,,,,,,
320,257,WtrUseGarden,wtrusegarden,Water used for gardening,,,,Q616Gard_Feb2001,,,,,,,,,,,,,,,
321,258,WtrUseIrrig,wtruseirrig,Water used for irrigation (food production),,,,Q616Irri_Feb2001,,,,,,,,,,,,,,,
322,259,WtrUseLivestock,wtruselivestock,Water used for livestock watering,,,,Q616Live_Feb2001,,,,,,,,,,,,,,,
323,260,WtrUseSwimPool,wtruseswimpool,Water used for swimming pool,,,,Q616Swim_Feb2001,,,,,,,,,,,,,,,
324,261,WtrUseBus,wtrusebus,Water used for business,,,,Q616Busi_Feb2001,,,,,,,,,,,,,,,
325,262,WtrUseElse,wtruseelse,Water used for something else,,,,Q616Othr_Feb2001,,,,,,,,,,,,,,,
326,263,WtrSafeDrink,wtrsafedrink,Water is safe to drink,,,,Q617Safe_Feb2001,,,,,,,,,,,,,,,
327,264,WtrClear,wtrclear,Water is clear,,,,Q617Clea_Feb2001,,,,,,,,,,,,,,,
328,265,WtrTasteGood,wtrtastegood,Water tastes good,,,,Q617Tast_Feb2001,,,,,,,,,,,,,,,
329,266,WtrOdourFree,wtrodourfree,Water is free from odours,,,,Q617Odou_Feb2001,,,,,,,,,,,,,,,
330,267,WtrTrtdForDrink,wtrtrtdfordrink,Water is treated for drinking and food preparations,,,,Q618Tre_Feb2001,,,,,,,,,,,,,,,
331,268,WtrTrtMethod,wtrtrtmethod,Method used to treat the water,,,,Q619Meth_Feb2001,,,,,,,,,,,,,,,
332,273,ToiNum,toilnum,Total number of toilets household has access to,,,,Q621NumT_Feb2001,,,,,,,,,,,,,,,
333,277,ToiAltMethod,toialternative,Alternative method instead of toilet,,,,Q625AltT_Feb2001,,,,,,,,,,,,,,,
334,278,ToiAfterWipe,toiwipematerial,Material used to wipe after toilet use,,,,Q626Clea_Feb2001,,,,,,,,,,,,,,,
335,279,ToiAfterWipeDisp,toiwipedisposal,Location where material is disposed after wiping,,,,Q627Disp_Feb2001,,,,,,,,,,,,,,,
336,280,ToiAfterHands,toicleanhands,After using the toilet method to clean hands,,,,Q628ClnH_Feb2001,,,,,,,,,,,,,,,
337,281,diarrheaWeek,diarrheaweek,Household member had diarrhea during the past week,,,,Q629Week_Feb2001,,,,,,,,,,,,,,,
338,282,diarrheaMonth,diarrheamonth,Household member had diarrhea between a week and month ago,,,,Q6291Mth_Feb2001,,,,,,,,,,,,,,,
339,283,diarrhea6Month,diarrhea6month,Household member had diarrhea between a month and 6 months ago,,,,Q6296Mth_Feb2001,,,,,,,,,,,,,,,
340,284,diarrheaYear,diarrheayear,Household member had diarrhea between 6 months and a year ago,,,,Q629Year_Feb2001,,,,,,,,,,,,,,,
341,285,diarrheaCause,diarrheacause,Cause of diarrhea,,,,Q630Caus_Feb2001,,,,,,,,,,,,,,,
342,286,ToiCleanReg,toicleanreg,Regularity of the toilet being cleaned,,,,Q631FrqL_Feb2001,,,,,,,,,,,,,,,
343,287,ToiCond,toicondition,Toilet condition,,,,Q632Rate_Feb2001,,,,,,,,,,,,,,,
344,288,ToiFaultReg,toifaultyreg,Regularity of toilet being faulty,,,,Q633Faul_Feb2001,,,,,,,,,,,,,,,
345,289,SewerageHouse,seweragehouse,There are visible signs of sewerage effluent in the house,,,,Q634ByHo_Feb2001,,,,,,,,,,,,,,,
346,290,SewerageArea,seweragearea,There are visible signs of sewerage effluent in larger area,,,,Q634Larg_Feb2001,,,,,,,,,,,,,,,
347,291,SewerageWtrSrc,seweragewtrsrc,There are visible signs of sewerage effluent within 10m of water source,,,,Q634Near_Feb2001,,,,,,,,,,,,,,,
348,292,SanLevel,sanlevel,Level of sanitation in household,,,,Q635Rate_Feb2001,,,,,,,,,,,,,,,
349,293,IncomeTotHH,hhincome,Total household income last month,,,,Q636TotH_Feb2001,Q625Expe_Sep2001,,Q725Expe_Sep2002,,Q729Expe_Sep2003,,q730expe,,,,,,,,
350,294,PersonNotPsnt,personnotpresent,Another person residing in this household who was not there,,,,F_NotPre_Feb2001,F_NotPre_Sep2001,,,,,,,,,,,,,,
351,298,RoofCond,roofcond,Condition of the roof of the main dwelling,,,,,Q63RoofC_Sep2001,,Q73RoofC_Sep2002,,Q73RoofC_Sep2003,Q63RoofC,q73roofc,q73roofc,,,,,,,
352,299,WallsCond,wallscond,Condition of the walls of the main dwelling,,,,,Q63WallC_Sep2001,,Q73WallC_Sep2002,,Q73WallC_Sep2003,Q63WallC,q73wallc,q73wallc,,,,,,,
353,304,TrnsptMarket,trnsptmarket,Main transport used to get to food market,,,,,Q619Food_Sep2001,,Q719Food_Sep2002,,Q723Food_Sep2003,,q724food,,,,,,,,
354,305,TrnsptPubTrnspt,trnsptpubtrnspt,Main transport used to get to public transport,,,,,Q619PubT_Sep2001,,Q719Tran_Sep2002,,Q723Tran_Sep2003,,q724tran,,,,,,,,
355,306,TrnsptPreScl,trnsptpreschl,Main transport used to get to pre-primary/pre-school centre,,,,,Q619Pres_Sep2001,,Q719PreS_Sep2002,,Q723PreS_Sep2003,,q724pres,,,,,,,,
356,307,TrnsptPriScl,trnsptprischl,Main transport used to get to primary school,,,,,Q619Prim_Sep2001,,Q719Prim_Sep2002,,Q723Prim_Sep2003,,q724prim,,,,,,,,
357,308,TrnsptSecScl,trnsptsecschl,Main transport used to get to secondary school,,,,,Q619SecS_Sep2001,,Q719SecS_Sep2002,,Q426SecS_Sep2003,,q724secs,,,,,,,,
358,309,TrnsptClinic,trnsptclinic,Main transport used to get to the clinic,,,,,Q619Clin_Sep2001,,Q719Clin_Sep2002,,Q723Clin_Sep2003,,q724clin,,,,,,,,
359,310,TrnsptHsptl,trnspthospital,Main transport used to get to hospital,,,,,Q619Hosp_Sep2001,,Q719Hosp_Sep2002,,Q723Hosp_Sep2003,,q724hosp,,,,,,,,
360,311,TrnsptPost,trnsptpost,Main transport used to get to the post office (agent),,,,,Q619Post_Sep2001,,Q719Post_Sep2002,,Q723Post_Sep2003,,q724post,,,,,,,,
361,312,TrnsptWelfare,trnsptwelfare,Main transport used to get to welfare,,,,,Q619Welf_Sep2001,,Q719Welf_Sep2002,,Q723Welf_Sep2003,,q724welf,,,,,,,,
362,337,MainSrcIncome,mainsrcincome,Main source of income for the household,,,,,Q624MnIn_Sep2001,,Q724Main_Sep2002,,Q728Main_Sep2003,,q729main,,,,,,,,
363,338,GiveCshNonMem,givecashnonhh,Contributes money to non household member,,,,,Q628CCon_Sep2001,,Q728CCon_Sep2002,,Q732CCon_Sep2003,,q733ccon,,,,,,,,
364,339,GiveCshNonTot,givecashnonhhtot,Estimated total value of cash contributions to non household member,,,,,Q629ValC_Sep2001,,Q729ValC_Sep2002,,Q733ValC_Sep2003,,q734valc,,,,,,,,
365,340,GiveKndNonMem,givekindnonhh,Made contributions in kind to non-member of household,,,,,Q630KCon_Sep2001,,Q730KCon_Sep2002,,Q734KCon_Sep2003,,q735kcon,,,,,,,,
366,341,GiveKndNonTot,givekindnonhhtot,Value of in-kind contributions to non household member,,,,,Q631ValK_Sep2001,,Q731ValK_Sep2002,,Q735ValK_Sep2003,,q736valk,,,,,,,,
367,342,GiveCharity,givecharity,Made contributions to formal charity or church,,,,,Q632Cont_Sep2001,,Q732Cont_Sep2002,,Q736Cont_Sep2003,,q737cont,,,,,,,,
368,343,GiveCharityTot,givecharitytotal,Value of contributions to charity/church,,,,,Q633Valo_Sep2001,,Q733ValO_Sep2002,,Q737totcont_Sep2003,,q738valo,,,,,,,,
369,344,RtrnToOwnBus,rtrntoownbus,"Will return to work for a wage, salary, commission or any payment in kind",,,,Q23aOwnB_Feb2001,,,,,,,,,q25aownb,,,,,,
370,345,RtrnToPaidWk,rtrntopaidwork,Will return to do any work for payment,,,,Q23bPaid_Feb2001,,,,,,,,,q25bpaid,,,,,,
371,346,RtrnToDomestic,rtrntodomestic,Will return to do any work as a domestic worker for payment,,,,Q23cDome_Feb2001,,,,,,,,,q25cdome,,,,,,
372,347,RtrnToHelpUnPd,rtrntohelpunpaid,Will return to help unpaid in a family business of any kind,,,,Q23dUnPa_Feb2001,,,,,,,,,q25dunpd,,,,,,
373,348,RtrnToWkFamPlot,rtrntofamplot,"Will return to work on family plot, farm",,,,Q23eFarm_Feb2001,,,,,,,,,q25efarm,,,,,,
374,349,RtrnToConsHome,rtrntoconshome,Will return to do construction or repair work on home,,,,Q23fCons_Feb2001,,,,,,,,,q25fcons,,,,,,
375,350,RtrnToHunt,rtrntohunt,Will return to catch animals for sale,,,,Q23gCtch_Feb2001,,,,,,,,,q25gctch,,,,,,
376,351,RtrnToBeg,rtrntobeg,Will return to beg for money or food in public,,,,Q23hBeg_Feb2001,,,,,,,,,q25hbeg,,,,,,
377,352,BusRanYr,busranyr,Ran any kind of business in last 12 months,,,,Q312OwnB_Feb2001,,,,,,,,,,,,,,,
378,353,BusRanRegVat,busranregvat,"Company is, or was registered for VAT",,,,Q313RegV_Feb2001,,,,,,,,,,,,,,,
379,354,RegVat,regisvat,Business is registered for VAT,,,,Q417dReg_Feb2001,Q417dVat_Sep2001,Q417dVat_Feb2002,Q417dVat_Sep2002,Q417dVat_Mar2003,Q417dVat_Sep2003,Q417dVat,q417dvat,q420vatr,q420vatr,Q420VatR,q420vatr,q420vatr,q420vatr,,
380,1009,RegTax,registax,Business is registered for income tax,,,,,,,,,,,,,q421inco,,q421inco,q421inco,q421inco,,
381,356,BusElecAvail,buselectric,Electricity is available at the site of the business,,,,Q420Elec_Feb2001,,,,,,,,,,,,,,,
382,357,BusWtrSrc,buswatersrc,Main source of water for business,,,,Q421WtrS_Feb2001,,,,,,,,,,,,,,,
383,358,BusToi,bustoilet,Type of toilet available at business,,,,Q422TypT_Feb2001,,,,,,,,,,,,,,,
384,359,BusEnvHot,busenvhot,Experienced a hot working environment,,,,Q423HotE_Feb2001,,,,,,,,,,,,,,,
385,360,BusEnvCold,busenvcold,Experienced a cold working environment,,,,Q423Cold_Feb2001,,,,,,,,,,,,,,,
386,361,BusEnvDusty,busenvdusty,Experienced a dusty working environment,,,,Q423Dust_Feb2001,,,,,,,,,,,,,,,
387,362,BusEnvNoisy,busenvnoisy,Experienced a noisy working environment,,,,Q423Nois_Feb2001,,,,,,,,,,,,,,,
388,363,BusEnvDirty,busenvdirty,Experienced a dirty working environment,,,,Q423Dirt_Feb2001,,,,,,,,,,,,,,,
389,364,BusEnvSmells,busenvsmells,Experienced a working environment which smells bad,,,,Q423Smel_Feb2001,,,,,,,,,,,,,,,
390,365,BusEnvBadLght,busenvbadlight,Experienced bad lighting in working environment,,,,Q423BadL_Feb2001,,,,,,,,,,,,,,,
391,366,BusEnvDgrsSubst,busenvdangsubst,Experienced working with dangerous or poisonous substances,,,,Q423Dgrs_Feb2001,,,,,,,,,,,,,,,
392,367,BusEnvDgrsTools,busenvdangtools,Experienced a working with or close to dangerous machinery or tools,,,,Q423DgrT_Feb2001,,,,,,,,,,,,,,,
393,368,BusEnvDgrsAnmls,busenvdanganimals,Experienced working with or near dangerous animals,,,,Q423DgrA_Feb2001,,,,,,,,,,,,,,,
394,369,BusEnvBadSan,busenvbadsanit,Experienced bad sanitary conditions at work,,,,Q423BadS_Feb2001,,,,,,,,,,,,,,,
395,370,BusEnvCramped,busenvcramped,Experienced a cramped working space,,,,Q423Cram_Feb2001,,,,,,,,,,,,,,,
396,371,BusEnvOtherBad,busenvotherbad,Experienced any other conditions that are not comfortable at work,,,,Q423Othr_Feb2001,,,,,,,,,,,,,,,
397,372,BusInjured,businjured,Injured doing economic activities,,,,Q424_Inj_Feb2001,,,,,,,,,,,,,,,
398,373,BusInjuredNum,businjnum,Number of times been injured in 12 months,,,,Q425NumT_Feb2001,,,,,,,,,,,,,,,
399,374,BusInjuredBed,businjbed,Injuries caused person to stay in bed longer than day,,,,Q426Stay_Feb2001,,,,,,,,,,,,,,,
400,375,BusInjuredMed,businjmed,Injuries caused person to seek medical attention,,,,Q426Med_Feb2001,,,,,,,,,,,,,,,
401,376,BusInjuredPain,businjpain,Injuries caused person to have pain longer than week,,,,Q426Pain_Feb2001,,,,,,,,,,,,,,,
402,1006,BusInjuredIll,businjill,Illness stopped from doing economic activities in past 12 months,,,,Q428Illn_Feb2001,,,,,,,,,,,,,,,
403,377,BusInjuredDisable,businjdisable,Injuries caused person to have long term disability,,,,Q426Disa_Feb2001,,,,,,,,,,,,,,,
404,378,BusInjuredOther,businjother,Injuries caused person to have other problems,,,,Q426Othr_Feb2001,,,,,,,,,,,,,,,
405,379,BusInjuredCause,businjcause,Major cause of most serious injury,,,,Q427MrSN_Feb2001,,,,,,,,,,,,,,,
406,380,BusPhysWork,busphyswork,Had to do physical work in past 12 months,,,,Q429Heav_Feb2001,,,,,,,,,,,,,,,
407,382,IncomeGrp,incomegrp,Income group,,,,IncmGrp_Feb2001,IncmGrp_Sep2001,IncmGrp_Feb2002,IncmGrp_Sep2002,IncmGrp_Mar2003,IncmGrp_Sep2003,IncmGrp,incmgrp,incmgrp,incmgrp,IncmGrp,incmgrp,incmgrp,incmgrp,,
408,503,JobUIF,jobuif,Employer deducts UIF contributions,,Q417bUIF_Feb2000,Q417bUIF_Sep2000,Q417bUIF_Feb2001,Q417bUIF_Sep2001,Q417bUIF_Feb2002,Q417bUIF_Sep2002,Q417bUIF_Mar2003,Q417bUIF_Sep2003,Q417bUIF,q417buif,q418uifc,q418uifc,Q418UIFC,q418uifc,q418uifc,q418uifc,,
409,386,VoluntryWk,voluntarywork,Has done voluntary work in last 12 months,,,,,Q54Volun_Sep2001,Q54Volun_Feb2002,Q54Volun_Sep2002,Q54Volun_Mar2003,Q54Volun_Sep2003,Q54Volun,q54volun,q64volun,q64volun,Q64Volun,q64volun,q64volun,q64volun,,
410,387,VoluntrySick,volsick,Voluntary help for sick/handicapped people in everyday life activities,,,,,Q55aVday_Sep2001,Q55aVday_Feb2002,Q55aVday_Sep2002,Q55aVday_Mar2003,Q55aVday_Sep2003,Q55aVday,q55avday,q65avday,q65avday,Q65aVday,q65avday,q65avday,q65avday,,
411,388,VoluntryMedCare,volmedcare,Voluntarily provided medical care or counselling to sick or handicapped,,,,,Q55bMedC_Sep2001,Q55bMedC_Feb2002,Q55bMedC_Sep2002,Q55bMedC_Mar2003,Q55bMedC_Sep2003,Q55bMedC,q55bmedc,q65bmedc,q65bmedc,Q65bMedC,q65bmedc,q65bmedc,q65bmedc,,
412,389,VoluntryTrain,voltraining,Voluntarily provided training or instruction to others,,,,,Q55cTrai_Sep2001,Q55cTrai_Feb2002,Q55cTrai_Sep2002,Q55cTrai_Mar2003,Q55cTrai_Sep2003,Q55cTrai,q55ctrai,q65ctrai,q65ctrai,Q65cTrai,q65ctrai,q65ctrai,q65ctrai,,
413,390,VoluntryLaw,vollaw,Voluntary help to keep law and order in a community,,,,,Q55dLawk_Sep2001,Q55dLawk_Feb2002,Q55dLawk_Sep2002,Q55dLawk_Mar2003,Q55dLawk_Sep2003,Q55dLawk,q55dlawk,q65dlawk,q65dlawk,Q65dLawk,q65dlawk,q65dlawk,q65dlawk,,
414,391,VoluntryMaintain,volmaintain,Voluntary help to maintain or replenish community resources,,,,,Q55eMain_Sep2001,Q55eMain_Feb2002,Q55eComu_Sep2002,Q55eComu_Mar2003,Q55eComu_Sep2003,Q55eComu,q55ecomu,q65ecomu,q65ecomu,Q65eComu,q65ecomu,q65ecomu,q65ecomu,,
415,392,VoluntryOrgEvent,volorgevent,"Voluntary help to organise events for a community, neighbourhood or group",,,,,Q55fOrge_Sep2001,Q55fOrge_Feb2002,Q55fOrgE_Sep2002,Q55fOrgE_Mar2003,Q55fOrgE_Sep2003,Q55fOrgE,q55forge,q65forge,q65forge,Q65fOrge,q65forge,q65forge,q65forge,,
416,393,VoluntryColMny,volcolmoney,Voluntary help to collect money for an organisation,,,,,Q55gColl_Sep2001,Q55gColl_Feb2002,Q55gColl_Sep2002,Q55gColl_Mar2003,Q55gColl_Sep2003,Q55gColl,q55gcoll,q65gcoll,q65gcoll,Q65gColl,q65gcoll,q65gcoll,q65gcoll,,
417,394,VoluntryOrgColMny,volorgcolmoney,Voluntary help to organise events to collect money for an organisation,,,,,Q55hFund_Sep2001,Q55hFund_Feb2002,Q55hFund_Sep2002,Q55hFund_Mar2003,Q55hFund_Sep2003,Q55hFund,q55hfund,q65hfund,q65hfund,Q65hFund,q65hfund,q65hfund,q65hfund,,
418,395,VoluntryOther,volother,Done other voluntary work,,,,,Q55iOthr_Sep2001,Q55iOthr_Feb2002,Q55iOthr_Sep2002,Q55iOthr_Mar2003,Q55iOthr_Sep2003,Q55iOthr,q55iothr,q65iothr,q65iothr,Q65iOthr,q65iothr,q65iothr,q65iothr,,
419,396,DeathNum,deathnum,Total number of deaths in last 12 months,,,,,,DEATNR_Feb2002,,,,,,,,,,,,,
420,397,DeathDate,deathdate,Year and month of death,,,,,,Q64DATED_Feb2002,,,,,,,,,,,,,
421,398,DeathGender,deathgender,Gender of deceased,,,,,,Q65GENDE_Feb2002,,,,,,,,,,,,,
422,399,DeathAge,deathage,Age of deceased,,,,,,Q66AGEDI_Feb2002,,,,,,,,,,,,,
423,400,DeathCause,deathcause,Cause of death,,,,,,Q67ACCID_Feb2002,,,,,,,,,,,,,
424,401,DeathPregnant,deathpregnant,Died while pregnant or within six weeks after delivery,,,,,,Q68PREGN_Feb2002,,,,,,,,,,,,,
425,402,StaySeptPrev,stayseptprev,Stayed in the household in September prev year,,,,,,B_Sep01_Feb2002,,B_Sept02_Mar2003,,B_Sep03,,b_sep04,,B_Sep05,,b_sep06,b_sep06,,
426,455,StayMarchPrev,staymarchprev,Stayed in the household in March,,,,,,,B_Mrch02_Sep2002,,B_Mrch03_Sep2003,,b_mrch04,,b_mrch05,,b_mrch06,,,,
427,403,IllInjury,illinjury,Suffered from illness or injury in the last month,,,,,,Q117INJU_Feb2002,,Q117Inju_Mar2003,,,,,,,,,,,
428,404,IllFlu,illflu,Suffered from flu or acute respiratory tract infection,,,,,,Q118FLU_Feb2002,,Q118Flu_Mar2003,,,,,,,,,,,
429,405,IllDiarrhea,illdiarrhea,Suffered from diarrhea,,,,,,Q118DIAR_Feb2002,,Q118Diar_Mar2003,,,,,,,,,,,
430,406,IllTrauma,illtrauma,Suffered from severe trauma,,,,,,Q118TRAU_Feb2002,,Q118Trau_Mar2003,,,,,,,,,,,
431,407,IllTB,illtb,Suffered from TB or severe cough with blood,,,,,,Q118TB_C_Feb2002,,Q118TB_C_Mar2003,,,,,,,,,,,
432,408,IllDrug,illdrug,Suffered from abuse of alcohol or drugs,,,,,,Q118SUBS_Feb2002,,Q118Subs_Mar2003,,,,,,,,,,,
433,409,IllDepression,illdepression,Suffered from depression or mental illness,,,,,,Q118DEPR_Feb2002,,Q118Depr_Mar2003,,,,,,,,,,,
434,410,IllDiabetes,illdiabetes,Suffered from diabetes,,,,,,Q118DIAB_Feb2002,,Q118Diab_Mar2003,,,,,,,,,,,
435,411,IllBldPrsre,illbldpressure,Suffered from high or low blood pressure,,,,,,Q118BLOO_Feb2002,,Q118Bloo_Mar2003,,,,,,,,,,,
436,412,IllHIV,illhiv,Suffered from HIV/AIDS,,,,,,Q118HIV_Feb2002,,Q118HIV_Mar2003,,,,,,,,,,,
437,413,IllSTD,illstd,Suffered from other sexually transmitted disease,,,,,,Q118SEXD_Feb2002,,Q118SexD_Mar2003,,,,,,,,,,,
438,414,IllOther,illother,Suffered from other illness or injury,,,,,,Q118OTHR_Feb2002,,Q118Othr_Mar2003,,,,,,,,,,,
439,415,HlthWkrConsult,healthwkrconsult,Consulted a health worker in past month,,,,,,Q119CONS_Feb2002,,Q119Cons_Mar2003,,,,,,,,,,,
440,416,HlthWkrType,healthwkrtype,Type of health worker consulted,,,,,,Q120TYPH_Feb2002,,Q120TypH_Mar2003,,,,,,,,,,,
441,417,HlthWkrPlace,healthwkrplace,Place of health worker consultation,,,,,,Q121CONS_Feb2002,,Q121Cons_Mar2003,,,,,,,,,,,
442,418,HlthWkrYNotConsult,healthwkrrsnno,Reason for not consulting any health worker,,,,,,Q122YNOT_Feb2002,,Q122Ynot_Mar2003,,,,,,,,,,,
443,419,Limited,limited,Limited in his/her daily activities,,,,,,Q123DISA_Feb2002,,Q123Disa_Mar2003,,,,,,,,,,,
444,420,LimitSight,limitsight,Limited by sight disability,,,,,,Q124SIGH_Feb2002,,Q124Sigh_Mar2003,,,,,,,,,,,
445,421,LimitHear,limithear,Limited by hearing disability,,,,,,Q124HEAR_Feb2002,,Q124Hear_Mar2003,,,,,,,,,,,
446,422,LimitComms,limitcomm,Limited by communication disability,,,,,,Q124SPEE_Feb2002,,Q124Spee_Mar2003,,,,,,,,,,,
447,423,LimitPhysical,limitphysical,Limited by physical disability,,,,,,Q124PHYS_Feb2002,,Q124Phys_Mar2003,,,,,,,,,,,
448,424,LimitIntellect,limitintellect,Limited by intellectual disability,,,,,,Q124MENT_Feb2002,,Q124Ment_Mar2003,,,,,,,,,,,
449,425,LimitEmotion,limitemotion,Limited by emotional disability,,,,,,Q124EMOT_Feb2002,,Q124Emot_Mar2003,,,,,,,,,,,
450,426,LimitOther,limitother,Limited by other disability,,,,,,Q124OTHR_Feb2002,,Q124Othr_Mar2003,,,,,,,,,,,
451,429,JobTurnedDown,jobturneddown,Has been offered a job in the past 6 months and turned it down,,,,,,,Q32JobOf_Sep2002,Q32JobOf_Mar2003,Q32JobOf_Sep2003,Q32JobOf,q32jobof,q32jobof,q33jobof,Q33JobOf,q33jobof,q33jobof,q33jobof,,
452,430,JobAvailUnwilling,jobavailunwilling,Knows of available work that is qualified for but not willing to do,,,,,,,Q33WrkRe_Sep2002,Q33WrkRe_Mar2003,Q33WrkRe_Sep2003,Q33WrkRe,q33wrkre,q33wrkre,q34wrkre,Q34WrkRe,q34wrkre,q34wrkre,q34wrkre,,
453,431,JobAvailWhyNot,jobavailwhynot,"Reason why not willing to take up job (wave 02:2 to present, excluding 06:1)",,,,,,,Q34WhyNo_Sep2002,Q34notwi_Mar2003,Q34whyno_Sep2003,Q34whyno,q34whyno,q34whyno,q35whyno,,q35whyno,q35whyno,q35whyno,,
454,2000,JobAvailWhyNt2,jobavailwhynot2,Reason why not willing to take up job (wave 06:1),,,,,,,,,,,,,,Q35whyno,,,,,
455,,,jobavailwhynot,Reason why not willing to take up job (coding applied to wave 06:1),created for consistency of all waves,,,,,,,,,,,,,,,,,,
456,433,PsnAnsSec,respsection,Person who answered the questions in this section,,,,,,,Q734PsnA_Sep2002,,,,,,,,,,,,
457,437,MigrantWkr,migrantworker,Person regarded as migrant worker,,,,,,,Q61MIGRA_Sep2002,,Q61Migra_Sep2003,,q61migra,,,,,,,,
458,438,MigrantWkrNum,migwkrnum,Total number of migrant workers,,,,,,,Q61MigNr_Sep2002,,Q61MigNr_Sep2003,,q61mignr,,,,,,,,
459,439,MigrantNr,migrantnr,Migrant number,,,,,,,MigrantN_Sep2002,,MigrantN_Sep2003,,migrantn,,migrantnr,,,,,,
460,440,MigHead,mighead,Person is head / other member of the household,,,,,,,Q63HeadH_Sep2002,,Q63HeadH_Sep2003,,q63headh,,q74headh,,,,,,
461,441,MigGender,miggender,Gender,,,,,,,Q64Gende_Sep2002,,Q64Gende_Sep2003,,q64gende,,q75gende,,,,,,
462,442,MigMariStat,migmarstat,Migrants present marital status (waves 02:2 to 04:2),,,,,,,Q65MariS_Sep2002,,Q65MariS_Sep2003,,q65maris,,,,,,,,
463,1020,MigMariStat2,migmarstat2,Migrants present marital status 2 (waves 05:2 to present),,,,,,,,,,,,,q76maris,,,,,,
464,,,migmarstat,Migrants present marital status (consistent coding for all waves),created for consistency of all waves,,,,,,,,,,,,,,,,,,
465,443,MigSpouLive,migspousehh,Migrants spouse/partner lives in the household,,,,,,,Q66Spous_Sep2002,,Q66Spous_Sep2003,,q66spous,,q77spous,,,,,,
466,444,MigChildLive,migchildlive,Migrant has children 15 years or younger who stay in this household,,,,,,,Q67Child_Sep2002,,Q67Child_Sep2003,,q67child,,q78child,,,,,,
467,445,MigChildNum,migchildnum,Number of children migrant has living in the household,,,,,,,Q68NrChi_Sep2002,,Q68NrChi_Sep2003,,q68nrchi,,q79nrchi,,,,,,
468,446,MigHighEdu,migeduchigh,Migrants highest level of education completed (waves 02:2 to 03:2),,,,,,,Q69HiEdu_Sep2002,,Q69HiEdu_Sep2003,,,,,,,,,,
469,1007,MigHighEdu2,migeduchigh2,Migrants highest level of education completed (waves 04:2 to present),,,,,,,,,,,q69hiedu,,q710hied,,,,,,
470,,,migeduchigh,Migrants highest level of education completed (consistent coding for all waves),created for consistency of all waves,,,,,,,,,,,,,,,,,,
471,447,MigLive,migarea,Area where migrant stays or works,,,,,,,Q610Work_Sep2002,,Q610Work_Sep2003,,q610work,,q712work,,,,,,
472,448,MigWkLen,migworklength,Length of time migrant has worked,,,,,,,Q611TimM_Sep2002,,Q611TimM_Sep2003,,q611timm,,q713timm,,,,,,
473,449,MigVisitReg,migvisitreg,Regularity of migrant visiting,02:2 - not in questionnaire but in metadata,,,,,,Q612Visi_Sep2002,,Q612Visi_Sep2003,,q612visi,,q714visi,,,,,,
474,450,MigMoneyHH,migmoneyhh,Amount of money migrant gave to household in the last 12 months,"02:2 - question 6.12 in questionnaire, same with #451, 452",,,,,,Q613ValC_Sep2002,,Q613ValC_Sep2003,,q613valc,,q715valc,,,,,,
475,451,MigGoodsHH,mighhgoods,Value of goods migrant gave to household in last 12 months,,,,,,,Q614ValG_Sep2002,,Q614ValG_Sep2003,,q614valg,,q716valg,,,,,,
476,452,MigTotValHH,mighhtotval,Value of goods and money migrant gave to household last month,,,,,,,Q615ValT_Sep2002,,Q614ValT_Sep2003,,q615valt,,q717valt,,,,,,
477,454,WeightMgrnt,migweight,Weight,,,,,,,Person_wgt_Sep2002,,Migrant_wgt_Sep2003,,migrant_wgt,,migrant_wgt,,,,,,
478,456,Live5yrs,live5yrs,Was living in this area 5 years ago,,,,,,,,,Q13yrseg_Sep2003,,q13yrseg,,q13yrseg,,,,,,
479,457,MovedFrom,movedfrom,Moved from,,,,,,,,,Q14Place_Sep2003,,q14place,,q14place,,,,,,
480,458,MovedYr,movedyear,Year moved,,,,,,,,,Q15Year_Sep2003,,q15year,,q15year,,,,,,
481,461,RentTot,renttotal,Total rent paid / value of dwelling,,,,,,,,,Q751TotR_Sep2003,Q654totr,q7614tot,q764totr,,,,,,,
482,462,RentPerson,rentperson,Amount paid by person,,,,,,,,,Q7511Pai_Sep2003,Q651paid,q7611pai,q761paid,,,,,,,
483,463,RentSubsidised,rentsubsidized,Amount subsidised by someone else,,,,,,,,,Q7512Sub_Sep2003,Q652Subs,q7612sub,q762subs,,,,,,,
484,464,RentExtraRm,rentextrarm,Amount paid for garage and or domestic worker's room if rented separately,,,,,,,,,Q7513Ext_Sep2003,Q653Extr,q7613ext,q763extr,,,,,,,
485,465,RentPeriod,rentperiod,Rent period,,,,,,,,,Q76RentP_Sep2003,Q66RentP,q77rentp,q77rentp,,,,,,,
486,466,RentIncElec,rentelectricity,Rent includes electricity,,,,,,,,,Q77Elect_Sep2003,Q67Elect,q78elec,q78elect,,,,,,,
487,467,RentIncWtr,rentwater,Rent includes water,,,,,,,,,Q77Water_Sep2003,Q67Water,q78water,q78water,,,,,,,
488,468,RentIncGrg,rentgarage,Rent includes garage/parking space,,,,,,,,,Q77Garag_Sep2003,Q67Garag,q78garag,q78garag,,,,,,,
489,469,RentIncRefRem,rentrefuserem,Rent includes Refuse Removal,,,,,,,,,Q77Refus_Sep2003,Q67Refus,q78refus,q78refus,,,,,,,
490,470,RentIncExtra,rentextra,Rent includes other extras,,,,,,,,,Q77Other_Sep2003,Q67Other,q78other,q78other,,,,,,,
491,471,Furnishing,furnishing,Dwelling furnishing,,,,,,,,,Q78Furni_Sep2003,Q68Furni,q79furni,q79furni,,,,,,,
492,472,LiveQtrType,livingquarters,Type of the living quarters,,,,,,,,,,Q612Typl,,q713typl,,,,,,,
493,474,Status1New,empstat1new,Official employment status new definition,,,,,,,,,,Status1,,,,,,,,,
494,475,Status2New,empstat2new,Expanded employment status new definition,,,,,,,,,,Status2,,,,,,,,,
495,476,WeightWkrs,workerweight,Worker weight,,,,,,,,,,Workers_Wgt,workers_wgt,workers_wgt,worker_wgt,workers_wgt,workers_wgt,workers_wgt,workers_wgt,,
496,479,MovedFromCtry,origincountry,Country of origin,,,,,,,,,,,q14count,,q14count,,,,,,
497,481,DC,dc,District council/metro,,,,,,,,,,,dc,dc,dc,DC,dc,dc,dc,,
498,483,RentIfPay,rentifpay,Amount paid by person if dwelling were rented,,,,,,,,,,,q75rentv,q75rentv,,,,,,,
499,484,AgeGrp,agegrp,Age group,,,,,,,,,,,,agegrp,agegrp,,agegrp,agegrp,agegrp,,
500,487,JobCrtnPrg,attendjobcreationpr,Attended a job creation programme,,,,,,,,,,,,q51progr,,,,,,,
501,1011,ParticEPWP,epwpparticipant,Has participated in EPWP during past 6 months,,,,,,,,,,,,,q52epwpt,Q52Epwpt,q52epwpt,q52epwpt,q52epwpt,,
502,1012,WorkJobCreat,workedjobcreationpr,Has worked in government job creation program during past 6 months,,,,,,,,,,,,,q53govjo,Q53Govjo,q53govjo,q53govjo,q53govjo,,
503,488,PrgNewSkill,newskills,Acquired new skills at programme,,,,,,,,,,,,q52anews,,,,,,,
504,489,PrgSusJob,sustjob,Got a sustainable job after programme,,,,,,,,,,,,q52bsust,q58asust,Q58aSust,q58asust,q58asust,q58asust,,
505,490,PrgOwnBus,ownbusiness,Started own business after programme,,,,,,,,,,,,q52cstar,q58bstar,Q58bStar,q58bstar,q58bstar,q58bstar,,
506,491,PrgXTrain,moretraining,Opportunity for further training after programme,,,,,,,,,,,,q52dfurt,q58cfurt,Q58cFurt,q58cfurt,q58cfurt,q58cfurt,,
507,492,AqSkillConstruct,skillconstruct,Acquired construction related skills,,,,,,,,,,,,q53acons,q56acons,Q56aCons,q56acons,q56acons,q56acons,,
508,493,AqSkillHme,skillhome,Acquired home based care skills,,,,,,,,,,,,q53bhmeb,q56bhome,Q56bHome,q56bhome,q56bhome,q56bhome,,
509,494,AqSkillChld,skillchild,Acquired early childhood development skills,,,,,,,,,,,,q53cchil,q56cchil,Q56cChil,q56cchil,q56cchil,q56cchil,,
510,495,AqSkillFrst,skillforestry,Acquired forestry skills,,,,,,,,,,,,q53dfore,q56dfore,Q56dFore,q56dfore,q56dfore,q56dfore,,
511,496,AqSkillAgri,skillagricul,Acquired agriculture and animal husbandry skills,,,,,,,,,,,,q53eagri,q56eagri,Q56eAgri,q56eagri,q56eagri,q56eagri,,
512,497,AqSkillLit,skillliteracy,Acquired numeric/literacy skills,,,,,,,,,,,,q53fnume,q56fnume,Q56fNume,q56fnume,q56fnume,q56fnume,,
513,498,AqAwareHIV,awarehiv,Acquired HIV/AIDS awareness,,,,,,,,,,,,q53ghiva,q56ghiva,Q56gHiva,q56ghiva,q56ghiva,q56ghiva,,
514,499,AqAwareEnviro,awareenviro,Acquired environmental awareness,,,,,,,,,,,,q53henva,,,,,,,
515,500,AqAwareCareer,awarecareer,Acquired career awareness,,,,,,,,,,,,q53icare,q56hcare,Q56hCare,q56hcare,q56hcare,q56hcare,,
516,501,AqSkillBus,skillbusiness,Acquired business skills,,,,,,,,,,,,q53jbusn,q56ibusn,Q56iBusn,q56ibusn,q56ibusn,q56ibusn,,
517,502,AqSkillOther,skillother,Acquired other skills,,,,,,,,,,,,q53kothr,q56jothr,Q56jOthr,q56jothr,q56jothr,q56jothr,,
518,1010,HeardEPWP,heardepwp,Has ever heard of the Expanded Public Works Programme,,,,,,,,,,,,,q51epwpk,Q51Epwpk,q51epwpk,q51epwpk,q51epwpk,,
519,1013,NameJobProg,namejobprog,Name of programme participated/worked in during past 6 months,,,,,,,,,,,,,q54progn,Q54progn,q54progn,q54progn,q54progn,,
520,1014,ProgLoc,proglocation,Location of program in which participated,,,,,,,,,,,,,q55aprov,Q55aProvv,q55aprovv,q55aprovv,q55aprovv,,
521,1015,ProgLocTown,progtown,Nearest town to location of program,,,,,,,,,,,,,q55btown,Q55bTown,q55btown,q55btown,q55btown,,
522,1016,StillWorkProg,stillworkprogram,Still working/participating in the programme,,,,,,,,,,,,,q57still,Q57Still,q57still,q57still,q57still,,
523,1017,PrgTempWork,tempwork,Obtained temporary work,,,,,,,,,,,,,q58dtemp,Q58dTemp,q58dtemp,q58dtemp,q58dtemp,,
524,1018,PrgOthr,prgother,Other benefits,,,,,,,,,,,,,q58eothr,Q58eOthr,q58eothr,q58eothr,q58eothr,,
525,1019,PWwght,pwwgt,Public Works weight,,,,,,,,,,,,,publicworks_wgt,,,,,,
526,1021,MigStay,migquarters,Living quarters of migrant worker,,,,,,,,,,,,,q711loca,,,,,,
527,1030,ChOwnBus,chownbus,Child: ran or did any kind of own business in last 12 mo,,,,,,,,,,,,,,aOwnB,,,,,
528,1031,ChPaidWork,chpaidwork,Child: worked for a wage/salary/commission/payment in kind in last 12 mo,,,,,,,,,,,,,,bPaid,,,,,
529,1032,ChDomWkr,chdomwkr,Child: worked as a domestic worker for payment in last 12 mo,,,,,,,,,,,,,,cDome,,,,,
530,1033,ChUnpaid,chunpaid,Child: helped unpaid in a family business in last 12 mo,,,,,,,,,,,,,,dUnPd,,,,,
531,1034,ChFamPlot,chfamplot,"Child: worked on family plot, garden, etc in last 12 mo",,,,,,,,,,,,,,eFar,,,,,
532,1035,ChConHome,chconhome,"Child: did construction or major repair work on home, etc in last 12 mo",,,,,,,,,,,,,,fCons,,,,,
533,1036,ChFish,chfish,Child: caught fish/wild animals/other food for sale or household food last 12 mo,,,,,,,,,,,,,,gCtch,,,,,
534,1037,ChBeg,chbeg,Child: begged for money or food in public last 12 mo,,,,,,,,,,,,,,hBeg,,,,,
535,1038,ChHrsPerWk,chhrsperwk,Child: hours per week in these activities,,,,,,,,,,,,,,hrswr,,,,,
536,1039,ChAssist,chassist,Child: reason for activities: assist family with money,,,,,,,,,,,,,,aassi,,,,,
537,1040,ChEssen,chessen,Child: reason for activities: buy food/essentials for self,,,,,,,,,,,,,,bfood,,,,,
538,1041,ChSch,chschool,Child: reason for activities: pay for schooling,,,,,,,,,,,,,,cscho,,,,,
539,1042,ChPktMoney,chpktmoney,Child: reason for activities: pocket money,,,,,,,,,,,,,,dpock,,,,,
540,1043,ChDuty,chduty,Child: reason for activities: duty to help family,,,,,,,,,,,,,,efamd,,,,,
541,1044,ChDebt,chdebt,Child: reason for activities: pay debt to person work for,,,,,,,,,,,,,,fpayd,,,,,
542,1045,ChLlord,chlandlord,Child: reason for activities: obligation to landlord,,,,,,,,,,,,,,gpayl,,,,,
543,1046,ChNoelse,chnoelse,Child: reason for activities: finished school and no other activity avail.,,,,,,,,,,,,,,hschl,,,,,
544,1047,ChNoclass,chnoclass,Child: reason for activities: no classes,,,,,,,,,,,,,,inocl,,,,,
545,1048,ChExper,chexper,Child: reason for activities: gain experience/training,,,,,,,,,,,,,,jexpe,,,,,
546,1049,ChOther,chother,Child: reason for activities: other,,,,,,,,,,,,,,kothr,,,,,
547,1050,ChFetchWtrHrs,chfetchwaterhrs,Child: time spent fetching water last 7 days,,,,,,,,,,,,,,ahrsw,,,,,
548,1051,ChFetchWoodHrs,chfetchwoodhrs,Child: time spend collecting firewood last 7 days,,,,,,,,,,,,,,bhrsw,,,,,
549,1052,ChCaringHrs,chcaringhrs,Child: time spent caring for others last 7 days,,,,,,,,,,,,,,chrsc,,,,,
550,1053,ChHHWorkHrs,chhhworkhrs,Child: time spent other household work last 7 days,,,,,,,,,,,,,,dhrsh,,,,,
551,1054,ChNonstudyHrs,chnonstudyhrs,Child: time spent cleaning/improvements/nonstudy work at school last 7 days,,,,,,,,,,,,,,ehrsw,,,,,
552,1055,ChInjured,chinjured,Child: injured during activities last 12 months,,,,,,,,,,,,,,injur,,,,,
553,1056,ChAttndSch,chattendsch,Child: currently attend school,,,,,,,,,,,,,,atten,,,,,
554,1057,ChAbsSch,chabssch,"Child: absent from school more than five days, last 12 months",,,,,,,,,,,,,,absen,,,,,
555,1058,ChNoSuit,chnosuitsch,Child: reason not attend: no suitable school,,,,,,,,,,,,,,anosc,,,,,
556,1059,ChTooFar,chtoofar,Child: reason not attend: school too far,,,,,,,,,,,,,,bschl,,,,,
557,1060,ChAfford,chafford,Child: reason not attend: cannot afford,,,,,,,,,,,,,,cschl,,,,,
558,1061,ChNoInt,chnotint,Child: reason not attend: not interested,,,,,,,,,,,,,,dnoin,,,,,
559,1062,ChIllness,chillness,Child: reason not attend: own illness,,,,,,,,,,,,,,eilln,,,,,
560,1063,ChFuel,chfuel,Child: reason not attend: help fetch fuel,,,,,,,,,,,,,,ffetw,,,,,
561,1064,ChWater,chwater,Child: reason not attend: help fetch water,,,,,,,,,,,,,,gfetw,,,,,
562,1065,ChAdultSick,chadultsick,Child: reason not attend: help household chores because adults sick,,,,,,,,,,,,,,hhsec,,,,,
563,1066,ChChores,chchores,"Child: reason not attend: help household chores, other reasons",,,,,,,,,,,,,,ihsec,,,,,
564,1067,ChNonStudy,chnonstudy,Child: reason not attend: cleaning/improvements nonstudy work at school,,,,,,,,,,,,,,jothr,,,,,
565,1068,ChWork,chwork,Child: reason not attend: work activities,,,,,,,,,,,,,,kwork,,,,,
566,1069,ChPreg,chpreg,Child: reason not attend: pregnant/children,,,,,,,,,,,,,,lpreg,,,,,
567,1070,ChAttndOth,chattendoth,Child: reason not attend: other,,,,,,,,,,,,,,mothr,,,,,
568,1071,ChCatchup,chcatchup,Child difficulties: catching up at school in last 12 months,,,,,,,,,,,,,,aless,,,,,
569,1072,ChTimeStudy,chtimestudy,Child difficulties: no time to study in last 12 months,,,,,,,,,,,,,,btime,,,,,
570,1073,ChConc,chconc,Child difficulties: concentrating in last 12 months,,,,,,,,,,,,,,ctire,,,,,
571,1074,ChLate,chlate,Child difficulties: often come late/leave school early in last 12 months,,,,,,,,,,,,,,dcome,,,,,
572,1075,ChRest,chrest,Child difficulties: too little time for resting in last 12 months,,,,,,,,,,,,,,erest,,,,,
573,1076,ChNotinSch,chnotinsch,Child difficulties: not in school in last 12 months,,,,,,,,,,,,,,fnoti,,,,,
574,1077,ChDiffFuel,chdifffuel,Child difficulties in sch: collecting wood/fuel,,,,,,,,,,,,,,afet,,,,,
575,1078,ChDiffWtr,chdiffwater,Child difficulties in sch: Fetching water,,,,,,,,,,,,,,bfet,,,,,
576,1079,ChDiffDom,chdiffdom,Child difficulties in sch: unpaid domestic work,,,,,,,,,,,,,,cunp,,,,,
577,1080,ChDiffClean,chdiffclean,Child difficulties in sch: cleaning,,,,,,,,,,,,,,doth,,,,,
578,1081,ChDiffWork,chdiffwork,Child difficulties in sch: work activities,,,,,,,,,,,,,,ewor,,,,,
579,1082,ChDiffNever,chdiffnever,Child difficulties in sch: never attended school,,,,,,,,,,,,,,fnev,,,,,
580,1083,ChWght,childwgt,Child Weight,,,,,,,,,,,,,,child_wgt,,,,,
,,,,,,,,,,,,,,,,,,,,,,,
,,,,,,,,,,,,,,,,,,,,,,,
,,,,,,,,,,,,,,,,,,,,,,,
,,,,,2003,,,,,,,,,,,,,,,,,,
